samp,subpop,trial,odor,value,odor_order,value_detrended
230913_ORL_GCaMP6f_F1,ORL,1,hexanal4.375,0.00047553238,0,0.00047553238
230913_ORL_GCaMP6f_F1,ORL,2,hexanal4.375,0.00047529227,36,0.0005952193065513967
230913_ORL_GCaMP6f_F2,ORL,1,hexanal4.375,0.0016024064,0,0.0016024064
230913_ORL_GCaMP6f_F2,ORL,2,hexanal4.375,0.001476656,36,0.001597644044469407
230914_ORL_GCaMP6f_F1,ORL,1,hexanal4.375,0.0010385505,0,0.0010385505
230914_ORL_GCaMP6f_F1,ORL,2,hexanal4.375,0.0026673167,36,0.0025846057602980305
230914_ORL_GCaMP6f_F2,ORL,1,hexanal4.375,0.0026464667,0,0.0026464667
230914_ORL_GCaMP6f_F2,ORL,2,hexanal4.375,0.0013172984,36,0.0017451368430179204
230915_ORL_GCaMP6f_F1,ORL,1,hexanal4.375,0.00039385358,0,0.00039385358
230915_ORL_GCaMP6f_F1,ORL,2,hexanal4.375,0.0009090515,36,0.0013059052379908304
230913_U52_GCaMP6f_F2,U52,1,hexanal4.375,0.0014604712,0,0.0014604712
230913_U52_GCaMP6f_F2,U52,2,hexanal4.375,0.00041806413,36,0.0010445953262688491
230913_U52_GCaMP6f_F3,U52,1,hexanal4.375,0.0009717479,0,0.0009717479
230913_U52_GCaMP6f_F3,U52,2,hexanal4.375,0.0011893718,36,0.0016260849728344598
230914_U52_GCaMP6f_F1,U52,1,hexanal4.375,0.0024617063,0,0.0024617063
230914_U52_GCaMP6f_F1,U52,2,hexanal4.375,0.0010204775,36,0.0023567196068760717
230914_U52_GCaMP6f_F2,U52,1,hexanal4.375,0.0022254959,0,0.0022254959
230914_U52_GCaMP6f_F2,U52,2,hexanal4.375,0.0013795026,36,0.0031290298343046767
230915_U52_GCaMP6f_F2,U52,1,hexanal4.375,0.0017835996,0,0.0017835996
230915_U52_GCaMP6f_F2,U52,2,hexanal4.375,0.0014448441,36,0.002108551937772732
230914_FCV_GCaMP6f_F1,FCV,1,hexanal4.375,0.0020890783,0,0.0020890783
230914_FCV_GCaMP6f_F1,FCV,2,hexanal4.375,0.0013839897,36,0.002461991105324604
230914_FCV_GCaMP6f_F2,FCV,1,hexanal4.375,0.002807344,0,0.002807344
230914_FCV_GCaMP6f_F2,FCV,2,hexanal4.375,0.0012012558,36,0.0023329125527623592
230914_FCV_GCaMP6f_F3,FCV,1,hexanal4.375,0.004086899,0,0.004086899
230914_FCV_GCaMP6f_F3,FCV,2,hexanal4.375,0.002087611,36,0.003318524810453328
230915_FCV_GCaMP6f_F1,FCV,1,hexanal4.375,0.0010765849,0,0.0010765849
230915_FCV_GCaMP6f_F1,FCV,2,hexanal4.375,0.0009894776,36,0.0017210281056723202
230913_ORL_GCaMP6f_F1,ORL,1,hexanal4.03,0.001123012,1,0.0011300528045950888
230913_ORL_GCaMP6f_F1,ORL,2,hexanal4.03,0.00047671382,37,0.0006007424775478865
230913_ORL_GCaMP6f_F2,ORL,1,hexanal4.03,0.0015465223,1,0.0015499090204061955
230913_ORL_GCaMP6f_F2,ORL,2,hexanal4.03,0.0007870988,37,0.0008534536889201265
230914_ORL_GCaMP6f_F1,ORL,1,hexanal4.03,0.0010811795,1,0.001080233881705836
230914_ORL_GCaMP6f_F1,ORL,2,hexanal4.03,0.0017388113,37,0.0016834187886177723
230914_ORL_GCaMP6f_F2,ORL,1,hexanal4.03,0.0014176785,1,0.0014287974902829916
230914_ORL_GCaMP6f_F2,ORL,2,hexanal4.03,0.0011118905,37,0.0014845685922169533
230915_ORL_GCaMP6f_F1,ORL,1,hexanal4.03,0.0005597894,1,0.0005654507165673587
230915_ORL_GCaMP6f_F1,ORL,2,hexanal4.03,0.00070400996,37,0.0010215792607772662
230913_U52_GCaMP6f_F2,U52,1,hexanal4.03,0.0007170247,1,0.0007354979766851014
230913_U52_GCaMP6f_F2,U52,2,hexanal4.03,0.00019869368,37,0.0005092565119238338
230913_U52_GCaMP6f_F3,U52,1,hexanal4.03,0.0007092247,1,0.0007154129307886023
230913_U52_GCaMP6f_F3,U52,2,hexanal4.03,0.00057066244,37,0.0007870055979876541
230914_U52_GCaMP6f_F1,U52,1,hexanal4.03,0.00088479876,1,0.0009056113398778424
230914_U52_GCaMP6f_F1,U52,2,hexanal4.03,0.0011660882,37,0.00275634279920541
230914_U52_GCaMP6f_F2,U52,1,hexanal4.03,0.0039614644,1,0.004052620686300968
230914_U52_GCaMP6f_F2,U52,2,hexanal4.03,0.0008634277,37,0.0020035185023983613
230915_U52_GCaMP6f_F2,U52,1,hexanal4.03,0.0010025522,1,0.0010131344577287617
230915_U52_GCaMP6f_F2,U52,2,hexanal4.03,0.0013515302,37,0.001993192116115472
230914_FCV_GCaMP6f_F1,FCV,1,hexanal4.03,0.0022581867,1,0.0022946082828725275
230914_FCV_GCaMP6f_F1,FCV,2,hexanal4.03,0.0014010448,37,0.002532528584139536
230914_FCV_GCaMP6f_F2,FCV,1,hexanal4.03,0.0026181098,1,0.00266682894896181
230914_FCV_GCaMP6f_F2,FCV,2,hexanal4.03,0.0013695778,37,0.002709299236571106
230914_FCV_GCaMP6f_F3,FCV,1,hexanal4.03,0.0028842026,1,0.0029215767885354803
230914_FCV_GCaMP6f_F3,FCV,2,hexanal4.03,0.0019901486,37,0.0032045904878758077
230915_FCV_GCaMP6f_F1,FCV,1,hexanal4.03,0.00085915654,1,0.0008724681425197337
230915_FCV_GCaMP6f_F1,FCV,2,hexanal4.03,0.00093819585,37,0.001657115505366572
230913_ORL_GCaMP6f_F1,ORL,1,hexanal2.825,0.0010725451,2,0.001086036056565495
230913_ORL_GCaMP6f_F1,ORL,2,hexanal2.825,0.00094275747,38,0.001195487175744676
230913_ORL_GCaMP6f_F2,ORL,1,hexanal2.825,0.000751506,2,0.0007548010413972957
230913_ORL_GCaMP6f_F2,ORL,2,hexanal2.825,0.0013259061,38,0.001440832504666188
230914_ORL_GCaMP6f_F1,ORL,1,hexanal2.825,0.0013065661,2,0.0013042816088377881
230914_ORL_GCaMP6f_F1,ORL,2,hexanal2.825,0.0017809198,38,0.0017226778547337323
230914_ORL_GCaMP6f_F2,ORL,1,hexanal2.825,0.0020401364,2,0.00207226387350429
230914_ORL_GCaMP6f_F2,ORL,2,hexanal2.825,0.00083599257,38,0.00112495096327148
230915_ORL_GCaMP6f_F1,ORL,1,hexanal2.825,0.00053652097,2,0.0005474278367494468
230915_ORL_GCaMP6f_F1,ORL,2,hexanal2.825,0.00038785848,38,0.0005685080827801147
230913_U52_GCaMP6f_F2,U52,1,hexanal2.825,0.00079452683,2,0.0008359942667219147
230913_U52_GCaMP6f_F2,U52,2,hexanal2.825,0.0009898705,38,0.002602425376991593
230913_U52_GCaMP6f_F3,U52,1,hexanal2.825,0.00073186477,2,0.0007446920345384761
230913_U52_GCaMP6f_F3,U52,2,hexanal2.825,0.00044857807,38,0.0006240357980974801
230914_U52_GCaMP6f_F1,U52,1,hexanal2.825,0.0017262865,2,0.0018084544213219423
230914_U52_GCaMP6f_F1,U52,2,hexanal2.825,0.001073089,38,0.002596180704453966
230914_U52_GCaMP6f_F2,U52,1,hexanal2.825,0.0040919096,2,0.004282392102669461
230914_U52_GCaMP6f_F2,U52,2,hexanal2.825,0.0009402814,38,0.0022320577396075523
230915_U52_GCaMP6f_F2,U52,1,hexanal2.825,0.0013980172,2,0.0014276859932085533
230915_U52_GCaMP6f_F2,U52,2,hexanal2.825,0.0021854832,38,0.0032570990858616852
230914_FCV_GCaMP6f_F1,FCV,1,hexanal2.825,0.0014082564,2,0.0014540493849579672
230914_FCV_GCaMP6f_F1,FCV,2,hexanal2.825,0.0007532272,38,0.0013834932339963357
230914_FCV_GCaMP6f_F2,FCV,1,hexanal2.825,0.0012312157,2,0.0012774642460250075
230914_FCV_GCaMP6f_F2,FCV,2,hexanal2.825,0.00058476423,38,0.001178306763031182
230914_FCV_GCaMP6f_F3,FCV,1,hexanal2.825,0.0030981132,2,0.003178925609414033
230914_FCV_GCaMP6f_F3,FCV,2,hexanal2.825,0.0016558678,38,0.0027008734531413737
230915_FCV_GCaMP6f_F1,FCV,1,hexanal2.825,0.0007833445,2,0.0008078065194233228
230915_FCV_GCaMP6f_F1,FCV,2,hexanal2.825,0.0024179348,38,0.004336917261855647
230913_ORL_GCaMP6f_F1,ORL,1,heptanal4.51,0.0005271851,3,0.0005371630717888409
230913_ORL_GCaMP6f_F1,ORL,2,heptanal4.51,0.0010509781,39,0.0013410746288342952
230913_ORL_GCaMP6f_F2,ORL,1,heptanal4.51,0.0013601047,3,0.0013690597386759843
230913_ORL_GCaMP6f_F2,ORL,2,heptanal4.51,0.0015700152,39,0.0017098365836688762
230914_ORL_GCaMP6f_F1,ORL,1,heptanal4.51,0.0070028934,3,0.006984534910883752
230914_ORL_GCaMP6f_F1,ORL,2,heptanal4.51,0.00987728,39,0.009545904078735618
230914_ORL_GCaMP6f_F2,ORL,1,heptanal4.51,0.003573206,3,0.003657942138369445
230914_ORL_GCaMP6f_F2,ORL,2,heptanal4.51,0.0040658363,39,0.005514091759764577
230915_ORL_GCaMP6f_F1,ORL,1,heptanal4.51,0.0019336338,3,0.0019928953490645435
230915_ORL_GCaMP6f_F1,ORL,2,heptanal4.51,0.0010550808,39,0.0015621371500200221
230913_U52_GCaMP6f_F2,U52,1,heptanal4.51,0.0015809105,3,0.0017062763906587606
230913_U52_GCaMP6f_F2,U52,2,heptanal4.51,0.0012288562,39,0.0033139681825651336
230913_U52_GCaMP6f_F3,U52,1,heptanal4.51,0.0036895692,3,0.0037869926318295725
230913_U52_GCaMP6f_F3,U52,2,heptanal4.51,0.0033038352,39,0.0046362065384126915
230914_U52_GCaMP6f_F1,U52,1,heptanal4.51,0.0054687764,3,0.005863841286867954
230914_U52_GCaMP6f_F1,U52,2,heptanal4.51,0.0029674207,39,0.007348109904571938
230914_U52_GCaMP6f_F2,U52,1,heptanal4.51,0.0036182995,3,0.003873870607089498
230914_U52_GCaMP6f_F2,U52,2,heptanal4.51,0.0013184616,39,0.0032018078467271048
230915_U52_GCaMP6f_F2,U52,1,heptanal4.51,0.004106814,3,0.004238237697315457
230915_U52_GCaMP6f_F2,U52,2,heptanal4.51,0.0020630404,39,0.0031070720416567638
230914_FCV_GCaMP6f_F1,FCV,1,heptanal4.51,0.005214783,3,0.005471197297484907
230914_FCV_GCaMP6f_F1,FCV,2,heptanal4.51,0.0036655064,39,0.006841222869120897
230914_FCV_GCaMP6f_F2,FCV,1,heptanal4.51,0.0045381095,3,0.00479619557754784
230914_FCV_GCaMP6f_F2,FCV,2,heptanal4.51,0.0023541737,39,0.004831960545808821
230914_FCV_GCaMP6f_F3,FCV,1,heptanal4.51,0.006949708,3,0.0072233919684409655
230914_FCV_GCaMP6f_F3,FCV,2,heptanal4.51,0.0029513515,39,0.0048763071460553266
230915_FCV_GCaMP6f_F1,FCV,1,heptanal4.51,0.0052024727,3,0.005448057002436179
230915_FCV_GCaMP6f_F1,FCV,2,heptanal4.51,0.0020944779,39,0.0038149566815641714
230913_ORL_GCaMP6f_F1,ORL,1,heptanal4.065,0.00085549825,4,0.0008771552913071879
230913_ORL_GCaMP6f_F1,ORL,2,heptanal4.065,0.0009152104,40,0.001175153415216954
230913_ORL_GCaMP6f_F2,ORL,1,heptanal4.065,0.00050082424,4,0.0005052256803193266
230913_ORL_GCaMP6f_F2,ORL,2,heptanal4.065,0.0014352002,40,0.001566438156216976
230914_ORL_GCaMP6f_F1,ORL,1,heptanal4.065,0.002795617,4,0.0027858494436945793
230914_ORL_GCaMP6f_F1,ORL,2,heptanal4.065,0.0028351292,40,0.0027376161113099786
230914_ORL_GCaMP6f_F2,ORL,1,heptanal4.065,0.0009869976,4,0.0010183282670174364
230914_ORL_GCaMP6f_F2,ORL,2,heptanal4.065,0.001083968,40,0.0014816085894182774
230915_ORL_GCaMP6f_F1,ORL,1,heptanal4.065,0.00040782595,4,0.00042457577343171684
230915_ORL_GCaMP6f_F1,ORL,2,heptanal4.065,0.00040184305,40,0.0006009799599671131
230913_U52_GCaMP6f_F2,U52,1,heptanal4.065,0.0004609614,4,0.0005103334361562807
230913_U52_GCaMP6f_F2,U52,2,heptanal4.065,0.0007673274,40,0.002122635101406979
230913_U52_GCaMP6f_F3,U52,1,heptanal4.065,0.0009590129,4,0.0009929243981020835
230913_U52_GCaMP6f_F3,U52,2,heptanal4.065,0.00048365805,40,0.0006846297277994922
230914_U52_GCaMP6f_F1,U52,1,heptanal4.065,0.0020412495,4,0.002240193218385105
230914_U52_GCaMP6f_F1,U52,2,heptanal4.065,0.0011719778,40,0.002970388490064385
230914_U52_GCaMP6f_F2,U52,1,heptanal4.065,0.002019029,4,0.002211379884417994
230914_U52_GCaMP6f_F2,U52,2,heptanal4.065,0.0016406933,40,0.004076011335563498
230915_U52_GCaMP6f_F2,U52,1,heptanal4.065,0.002865074,4,0.002987969855812364
230915_U52_GCaMP6f_F2,U52,2,heptanal4.065,0.0014169704,40,0.0021565744742495577
230914_FCV_GCaMP6f_F1,FCV,1,heptanal4.065,0.003027777,4,0.003227890044844914
230914_FCV_GCaMP6f_F1,FCV,2,heptanal4.065,0.00096813164,40,0.0018360431439101452
230914_FCV_GCaMP6f_F2,FCV,1,heptanal4.065,0.002256462,4,0.002429166270458224
230914_FCV_GCaMP6f_F2,FCV,2,heptanal4.065,0.0011972929,40,0.002503182924082325
230914_FCV_GCaMP6f_F3,FCV,1,heptanal4.065,0.004273542,4,0.0044993952172852555
230914_FCV_GCaMP6f_F3,FCV,2,heptanal4.065,0.0015242728,40,0.002551081645322725
230915_FCV_GCaMP6f_F1,FCV,1,heptanal4.065,0.0030646133,4,0.0032590032432877627
230915_FCV_GCaMP6f_F1,FCV,2,heptanal4.065,0.0012963876,40,0.002397871879925581
230913_ORL_GCaMP6f_F1,ORL,1,heptanal3.44,0.00043495416,5,0.00044876108714430983
230913_ORL_GCaMP6f_F1,ORL,2,heptanal3.44,0.00088836876,41,0.0011478396932027108
230913_ORL_GCaMP6f_F2,ORL,1,heptanal3.44,0.00097183837,5,0.0009825261946654956
230913_ORL_GCaMP6f_F2,ORL,2,heptanal3.44,0.0012674513,41,0.001386379307073922
230914_ORL_GCaMP6f_F1,ORL,1,heptanal3.44,0.0009731797,5,0.0009689313388788077
230914_ORL_GCaMP6f_F1,ORL,2,heptanal3.44,0.0024505,41,0.002364146539028644
230914_ORL_GCaMP6f_F2,ORL,1,heptanal3.44,0.0012501116,5,0.0012999103848088886
230914_ORL_GCaMP6f_F2,ORL,2,heptanal3.44,0.0010208855,41,0.0014063291754640634
230915_ORL_GCaMP6f_F1,ORL,1,heptanal3.44,0.0002859763,5,0.0003007325826879701
230915_ORL_GCaMP6f_F1,ORL,2,heptanal3.44,0.00034808408,41,0.0005258450353794788
230913_U52_GCaMP6f_F2,U52,1,heptanal3.44,0.00093736703,5,0.0010645020531934823
230913_U52_GCaMP6f_F2,U52,2,heptanal3.44,0.0004164546,41,0.0011817066097619111
230913_U52_GCaMP6f_F3,U52,1,heptanal3.44,0.00069464836,5,0.000725487077775101
230913_U52_GCaMP6f_F3,U52,2,heptanal3.44,0.0011176256,41,0.0015958299327553552
230914_U52_GCaMP6f_F1,U52,1,heptanal3.44,0.0011556929,5,0.0012981628563035774
230914_U52_GCaMP6f_F1,U52,2,heptanal3.44,0.00046950963,41,0.0012179675545567373
230914_U52_GCaMP6f_F2,U52,1,heptanal3.44,0.0021170923,5,0.002372142584019241
230914_U52_GCaMP6f_F2,U52,2,heptanal3.44,0.0006193576,41,0.0015740903232395206
230915_U52_GCaMP6f_F2,U52,1,heptanal3.44,0.0013805551,5,0.001454970556980591
230915_U52_GCaMP6f_F2,U52,2,heptanal3.44,0.0006778473,41,0.0010425470049477044
230914_FCV_GCaMP6f_F1,FCV,1,heptanal3.44,0.001054192,5,0.0011419925604464
230914_FCV_GCaMP6f_F1,FCV,2,heptanal3.44,0.001389584,41,0.0026778237251253714
230914_FCV_GCaMP6f_F2,FCV,1,heptanal3.44,0.0011133535,5,0.0012208705037007259
230914_FCV_GCaMP6f_F2,FCV,2,heptanal3.44,0.0010063641,41,0.0021431601269459306
230914_FCV_GCaMP6f_F3,FCV,1,heptanal3.44,0.0019309574,5,0.0020593511183616374
230914_FCV_GCaMP6f_F3,FCV,2,heptanal3.44,0.0014363795,41,0.0024351313838301067
230915_FCV_GCaMP6f_F1,FCV,1,heptanal3.44,0.0006501725,5,0.0007021258856920693
230915_FCV_GCaMP6f_F1,FCV,2,heptanal3.44,0.0008162351,41,0.0015331464810714028
230913_ORL_GCaMP6f_F1,ORL,1,octanal4.58,0.002368392,6,0.002458892988192618
230913_ORL_GCaMP6f_F1,ORL,2,octanal4.58,0.002448524,42,0.003183513286545785
230913_ORL_GCaMP6f_F2,ORL,1,octanal4.58,0.0058413083,6,0.005918480808178069
230913_ORL_GCaMP6f_F2,ORL,2,octanal4.58,0.005690371,42,0.006237942797403201
230914_ORL_GCaMP6f_F1,ORL,1,octanal4.58,0.013219967,6,0.013150744042509818
230914_ORL_GCaMP6f_F1,ORL,2,octanal4.58,0.0126618305,42,0.012204954739996705
230914_ORL_GCaMP6f_F2,ORL,1,octanal4.58,0.017162908,6,0.01798657315243928
230914_ORL_GCaMP6f_F2,ORL,2,octanal4.58,0.011802172,42,0.016385693103092867
230915_ORL_GCaMP6f_F1,ORL,1,octanal4.58,0.008426068,6,0.008950462740353243
230915_ORL_GCaMP6f_F1,ORL,2,octanal4.58,0.0060902173,42,0.009293439884854735
230913_U52_GCaMP6f_F2,U52,1,octanal4.58,0.0077055506,6,0.008976103920505806
230913_U52_GCaMP6f_F2,U52,2,octanal4.58,0.003332256,42,0.00969901711558973
230913_U52_GCaMP6f_F3,U52,1,octanal4.58,0.009190845,6,0.009682623428486461
230913_U52_GCaMP6f_F3,U52,2,octanal4.58,0.004625991,42,0.006662971913526377
230914_U52_GCaMP6f_F1,U52,1,octanal4.58,0.015812244,6,0.0181793180425226
230914_U52_GCaMP6f_F1,U52,2,octanal4.58,0.006575726,42,0.017459518805672973
230914_U52_GCaMP6f_F2,U52,1,octanal4.58,0.0073716682,6,0.00844981063159451
230914_U52_GCaMP6f_F2,U52,2,octanal4.58,0.0028019692,42,0.007285036542079776
230915_U52_GCaMP6f_F2,U52,1,octanal4.58,0.011367829,6,0.01210704298879197
230915_U52_GCaMP6f_F2,U52,2,octanal4.58,0.0057921708,42,0.009002543455694597
230914_FCV_GCaMP6f_F1,FCV,1,octanal4.58,0.008847656,6,0.009739137537100713
230914_FCV_GCaMP6f_F1,FCV,2,octanal4.58,0.0070044,42,0.013715663803219624
230914_FCV_GCaMP6f_F2,FCV,1,octanal4.58,0.009684248,6,0.010817072229159069
230914_FCV_GCaMP6f_F2,FCV,2,octanal4.58,0.0038652127,42,0.008384558269640675
230914_FCV_GCaMP6f_F3,FCV,1,octanal4.58,0.010383213,6,0.011217110855354973
230914_FCV_GCaMP6f_F3,FCV,2,octanal4.58,0.0054988423,42,0.009443130813765998
230915_FCV_GCaMP6f_F1,FCV,1,octanal4.58,0.007177688,6,0.007871332214166523
230915_FCV_GCaMP6f_F1,FCV,2,octanal4.58,0.0038848463,42,0.007410022091535881
230913_ORL_GCaMP6f_F1,ORL,1,octanal4.09,0.0004984657,7,0.0005207576553282515
230913_ORL_GCaMP6f_F1,ORL,2,octanal4.09,0.00054245454,43,0.0007097084732564437
230913_ORL_GCaMP6f_F2,ORL,1,octanal4.09,0.0022656817,7,0.0023006419322102365
230913_ORL_GCaMP6f_F2,ORL,2,octanal4.09,0.0023825725,43,0.00261756183273147
230914_ORL_GCaMP6f_F1,ORL,1,octanal4.09,0.008025977,7,0.007976968133744333
230914_ORL_GCaMP6f_F1,ORL,2,octanal4.09,0.008155728,43,0.007854569799458077
230914_ORL_GCaMP6f_F2,ORL,1,octanal4.09,0.0040924544,7,0.004322493297070866
230914_ORL_GCaMP6f_F2,ORL,2,octanal4.09,0.0042849085,43,0.005995664941024725
230915_ORL_GCaMP6f_F1,ORL,1,octanal4.09,0.0016322971,7,0.001751418071802204
230915_ORL_GCaMP6f_F1,ORL,2,octanal4.09,0.00082803116,43,0.0012763226424504612
230913_U52_GCaMP6f_F2,U52,1,octanal4.09,0.0038673459,7,0.00462109161649424
230913_U52_GCaMP6f_F2,U52,2,octanal4.09,0.000867294,43,0.00258942343940794
230913_U52_GCaMP6f_F3,U52,1,octanal4.09,0.0054176054,7,0.005757287304576436
230913_U52_GCaMP6f_F3,U52,2,octanal4.09,0.0024946232,43,0.00362444145753292
230914_U52_GCaMP6f_F1,U52,1,octanal4.09,0.007957665,7,0.009364122346010062
230914_U52_GCaMP6f_F1,U52,2,octanal4.09,0.0032357941,43,0.008793601627435187
230914_U52_GCaMP6f_F2,U52,1,octanal4.09,0.0027731778,7,0.0032519144448298993
230914_U52_GCaMP6f_F2,U52,2,octanal4.09,0.0009432385,43,0.0025088234240831933
230915_U52_GCaMP6f_F2,U52,1,octanal4.09,0.0025184902,7,0.0027105717621765
230915_U52_GCaMP6f_F2,U52,2,octanal4.09,0.0031832634,43,0.00499984492521851
230914_FCV_GCaMP6f_F1,FCV,1,octanal4.09,0.006330096,7,0.0070802937851177595
230914_FCV_GCaMP6f_F1,FCV,2,octanal4.09,0.0039114715,43,0.007782780350743204
230914_FCV_GCaMP6f_F2,FCV,1,octanal4.09,0.0056759585,7,0.006457885535857737
230914_FCV_GCaMP6f_F2,FCV,2,octanal4.09,0.0020924616,43,0.004623507757883827
230914_FCV_GCaMP6f_F3,FCV,1,octanal4.09,0.0069395425,7,0.00759401813712071
230914_FCV_GCaMP6f_F3,FCV,2,octanal4.09,0.0028889833,43,0.005025523566825078
230915_FCV_GCaMP6f_F1,FCV,1,octanal4.09,0.003528634,7,0.003929592878330619
230915_FCV_GCaMP6f_F1,FCV,2,octanal4.09,0.0019983365,43,0.0038707182512678503
230913_ORL_GCaMP6f_F1,ORL,1,octanal3.525,0.0004203851,8,0.00044193870497714443
230913_ORL_GCaMP6f_F1,ORL,2,octanal3.525,0.00039569018,44,0.0005209382597138905
230913_ORL_GCaMP6f_F2,ORL,1,octanal3.525,0.0009954772,8,0.0010130513765393783
230913_ORL_GCaMP6f_F2,ORL,2,octanal3.525,0.0027474328,44,0.003025017717219733
230914_ORL_GCaMP6f_F1,ORL,1,octanal3.525,0.0024303875,8,0.0024134341932993976
230914_ORL_GCaMP6f_F1,ORL,2,octanal3.525,0.0042376514,44,0.00407760253071507
230914_ORL_GCaMP6f_F2,ORL,1,octanal3.525,0.001754487,8,0.0018676416897434184
230914_ORL_GCaMP6f_F2,ORL,2,octanal3.525,0.0013852275,44,0.0019534838847950543
230915_ORL_GCaMP6f_F1,ORL,1,octanal3.525,0.0007479962,8,0.0008106998587387863
230915_ORL_GCaMP6f_F1,ORL,2,octanal3.525,0.00090518367,44,0.0014093556222043741
230913_U52_GCaMP6f_F2,U52,1,octanal3.525,0.0011543302,8,0.001414845393157006
230913_U52_GCaMP6f_F2,U52,2,octanal3.525,0.0007135297,44,0.002185224966746138
230913_U52_GCaMP6f_F3,U52,1,octanal3.525,0.0023081028,8,0.002474221715988503
230913_U52_GCaMP6f_F3,U52,2,octanal3.525,0.0009753337,44,0.001429428036620696
230914_U52_GCaMP6f_F1,U52,1,octanal3.525,0.003656233,8,0.004403648414327282
230914_U52_GCaMP6f_F1,U52,2,octanal3.525,0.001477886,44,0.004110779575639615
230914_U52_GCaMP6f_F2,U52,1,octanal3.525,0.0028606555,8,0.0034316829416005117
230914_U52_GCaMP6f_F2,U52,2,octanal3.525,0.0010589843,44,0.0028814978368815166
230915_U52_GCaMP6f_F2,U52,1,octanal3.525,0.0013786872,8,0.0014995000342443879
230915_U52_GCaMP6f_F2,U52,2,octanal3.525,0.001393703,44,0.0022121485408414226
230914_FCV_GCaMP6f_F1,FCV,1,octanal3.525,0.004020748,8,0.004569793212488201
230914_FCV_GCaMP6f_F1,FCV,2,octanal3.525,0.0015687881,44,0.0031718131958993643
230914_FCV_GCaMP6f_F2,FCV,1,octanal3.525,0.0034762158,8,0.004028702195871081
230914_FCV_GCaMP6f_F2,FCV,2,octanal3.525,0.001239173,44,0.002789030994293852
230914_FCV_GCaMP6f_F3,FCV,1,octanal3.525,0.00367742,8,0.00407638847756429
230914_FCV_GCaMP6f_F3,FCV,2,octanal3.525,0.0011463837,44,0.002020030032764631
230915_FCV_GCaMP6f_F1,FCV,1,octanal3.525,0.0042901197,8,0.004851629532729916
230915_FCV_GCaMP6f_F1,FCV,2,octanal3.525,0.00061427185,44,0.0012082612027997422
230913_ORL_GCaMP6f_F1,ORL,1,octanal3.09,0.00032635845,9,0.0003452422405600896
230913_ORL_GCaMP6f_F1,ORL,2,octanal3.09,0.0012335414,45,0.0016341768459810664
230913_ORL_GCaMP6f_F2,ORL,1,octanal3.09,0.0009619177,9,0.0009810431026583885
230913_ORL_GCaMP6f_F2,ORL,2,octanal3.09,0.0011522111,45,0.0012714020806398065
230914_ORL_GCaMP6f_F1,ORL,1,octanal3.09,0.0023265649,9,0.002308315154100996
230914_ORL_GCaMP6f_F1,ORL,2,octanal3.09,0.0037189038,45,0.0035753173714618857
230914_ORL_GCaMP6f_F2,ORL,1,octanal3.09,0.0017034181,9,0.001827500853138973
230914_ORL_GCaMP6f_F2,ORL,2,octanal3.09,0.0013979889,45,0.001986942855290394
230915_ORL_GCaMP6f_F1,ORL,1,octanal3.09,0.00047330128,9,0.0005181654751404965
230915_ORL_GCaMP6f_F1,ORL,2,octanal3.09,0.00028126145,45,0.00044234811553624774
230913_U52_GCaMP6f_F2,U52,1,octanal3.09,0.0007507327,9,0.000943868790126447
230913_U52_GCaMP6f_F2,U52,2,octanal3.09,0.00053499034,45,0.0016806504845774575
230913_U52_GCaMP6f_F3,U52,1,octanal3.09,0.0012180478,9,0.0013171060101493414
230913_U52_GCaMP6f_F3,U52,2,octanal3.09,0.0017967278,45,0.0026562214931647107
230914_U52_GCaMP6f_F1,U52,1,octanal3.09,0.001758673,9,0.002168009677574936
230914_U52_GCaMP6f_F1,U52,2,octanal3.09,0.0009962491,45,0.0028362763506497982
230914_U52_GCaMP6f_F2,U52,1,octanal3.09,0.0014015657,9,0.001720026966445728
230914_U52_GCaMP6f_F2,U52,2,octanal3.09,0.001059587,45,0.0029494809613305087
230915_U52_GCaMP6f_F2,U52,1,octanal3.09,0.0019968534,9,0.0021947598693732658
230915_U52_GCaMP6f_F2,U52,2,octanal3.09,0.0014926082,45,0.00239414233311747
230914_FCV_GCaMP6f_F1,FCV,1,octanal3.09,0.0021215677,9,0.002450164821889751
230914_FCV_GCaMP6f_F1,FCV,2,octanal3.09,0.0013756066,45,0.002826091883820923
230914_FCV_GCaMP6f_F2,FCV,1,octanal3.09,0.0020725515,9,0.0024466456327054795
230914_FCV_GCaMP6f_F2,FCV,2,octanal3.09,0.0012296481,45,0.002819093927142605
230914_FCV_GCaMP6f_F3,FCV,1,octanal3.09,0.0021888155,9,0.002457723536717431
230914_FCV_GCaMP6f_F3,FCV,2,octanal3.09,0.0013548348,45,0.002418275125746222
230915_FCV_GCaMP6f_F1,FCV,1,octanal3.09,0.000942192,9,0.0010820190607417509
230915_FCV_GCaMP6f_F1,FCV,2,octanal3.09,0.00065877807,45,0.001315881036435073
230913_ORL_GCaMP6f_F1,ORL,1,octanal1.595,0.0011376517,10,0.0012110239308284827
230913_ORL_GCaMP6f_F1,ORL,2,octanal1.595,0.00085550535,46,0.0011404661336302875
230913_ORL_GCaMP6f_F2,ORL,1,octanal1.595,0.00064597564,10,0.0006602620449951767
230913_ORL_GCaMP6f_F2,ORL,2,octanal1.595,0.0006661403,46,0.0007366591550413162
230914_ORL_GCaMP6f_F1,ORL,1,octanal1.595,0.0013565961,10,0.0013447776651813116
230914_ORL_GCaMP6f_F1,ORL,2,octanal1.595,0.00041762265,46,0.0004011471323508261
230914_ORL_GCaMP6f_F2,ORL,1,octanal1.595,0.0021374174,10,0.002311099251527427
230914_ORL_GCaMP6f_F2,ORL,2,octanal1.595,0.0024023494,46,0.003441206632675247
230915_ORL_GCaMP6f_F1,ORL,1,octanal1.595,0.0005351237,10,0.0005917728933147916
230915_ORL_GCaMP6f_F1,ORL,2,octanal1.595,0.00065144297,46,0.0010349049402154995
230913_U52_GCaMP6f_F2,U52,1,octanal1.595,0.0016544996,10,0.002133734234820982
230913_U52_GCaMP6f_F2,U52,2,octanal1.595,0.00030961502,46,0.0009977020201761549
230913_U52_GCaMP6f_F3,U52,1,octanal1.595,0.0015971707,10,0.0017421304336581493
230913_U52_GCaMP6f_F3,U52,2,octanal1.595,0.00122204,46,0.0018223859306290226
230914_U52_GCaMP6f_F1,U52,1,octanal1.595,0.001384025,10,0.0017462941615219965
230914_U52_GCaMP6f_F1,U52,2,octanal1.595,0.0002790333,46,0.0008130813203186662
230914_U52_GCaMP6f_F2,U52,1,octanal1.595,0.0014033793,10,0.0017618829829819415
230914_U52_GCaMP6f_F2,U52,2,octanal1.595,0.00054685096,46,0.0015572493352946184
230915_U52_GCaMP6f_F2,U52,1,octanal1.595,0.0025668433,10,0.002851020088430453
230915_U52_GCaMP6f_F2,U52,2,octanal1.595,0.0009536414,46,0.0015457858639175814
230914_FCV_GCaMP6f_F1,FCV,1,octanal1.595,0.0009579761,10,0.0011241953675003376
230914_FCV_GCaMP6f_F1,FCV,2,octanal1.595,0.00048674917,46,0.0010161222432532118
230914_FCV_GCaMP6f_F2,FCV,1,octanal1.595,0.001521425,10,0.0018294628436026133
230914_FCV_GCaMP6f_F2,FCV,2,octanal1.595,0.0009714537,46,0.0022686009739021126
230914_FCV_GCaMP6f_F3,FCV,1,octanal1.595,0.0014020031,10,0.001594646369490516
230914_FCV_GCaMP6f_F3,FCV,2,octanal1.595,0.0013743031,46,0.002484811412358889
230915_FCV_GCaMP6f_F1,FCV,1,octanal1.595,0.0011765645,10,0.0013721086969008356
230915_FCV_GCaMP6f_F1,FCV,2,octanal1.595,0.000995933,46,0.0020201559416367075
230913_ORL_GCaMP6f_F1,ORL,1,nonanal4.56,0.002713083,11,0.002906168731616576
230913_ORL_GCaMP6f_F1,ORL,2,nonanal4.56,0.002094089,47,0.002809112547117201
230913_ORL_GCaMP6f_F2,ORL,1,nonanal4.56,0.009491077,11,0.009722225897584638
230913_ORL_GCaMP6f_F2,ORL,2,nonanal4.56,0.007261952,47,0.008048302206975609
230914_ORL_GCaMP6f_F1,ORL,1,nonanal4.56,0.013227663,11,0.0131009574920536
230914_ORL_GCaMP6f_F1,ORL,2,nonanal4.56,0.014694809,47,0.014102742784188774
230914_ORL_GCaMP6f_F2,ORL,1,nonanal4.56,0.018256955,11,0.019895301599373177
230914_ORL_GCaMP6f_F2,ORL,2,nonanal4.56,0.011945737,47,0.017245685190942623
230915_ORL_GCaMP6f_F1,ORL,1,nonanal4.56,0.010265672,11,0.011467225540275633
230915_ORL_GCaMP6f_F1,ORL,2,nonanal4.56,0.006816966,47,0.010939192743589605
230913_U52_GCaMP6f_F2,U52,1,nonanal4.56,0.0066778944,11,0.008834064621868625
230913_U52_GCaMP6f_F2,U52,2,nonanal4.56,0.0027360523,47,0.009043792538979144
230913_U52_GCaMP6f_F3,U52,1,nonanal4.56,0.0077185845,11,0.008492585530523313
230913_U52_GCaMP6f_F3,U52,2,nonanal4.56,0.004731423,47,0.007117371621064843
230914_U52_GCaMP6f_F1,U52,1,nonanal4.56,0.016536394,11,0.021355592494244312
230914_U52_GCaMP6f_F1,U52,2,nonanal4.56,0.00679254,47,0.020258509978969545
230914_U52_GCaMP6f_F2,U52,1,nonanal4.56,0.009174312,11,0.01178299516922774
230914_U52_GCaMP6f_F2,U52,2,nonanal4.56,0.0022727316,47,0.006620907572314814
230915_U52_GCaMP6f_F2,U52,1,nonanal4.56,0.017336639,11,0.019459241979863765
230915_U52_GCaMP6f_F2,U52,2,nonanal4.56,0.008164554,47,0.013373860615643867
230914_FCV_GCaMP6f_F1,FCV,1,nonanal4.56,0.01065343,11,0.012703555387170802
230914_FCV_GCaMP6f_F1,FCV,2,nonanal4.56,0.006593806,47,0.01398703352316009
230914_FCV_GCaMP6f_F2,FCV,1,nonanal4.56,0.009124683,11,0.011176302171658093
230914_FCV_GCaMP6f_F2,FCV,2,nonanal4.56,0.0039976956,47,0.009509398212482367
230914_FCV_GCaMP6f_F3,FCV,1,nonanal4.56,0.0086856475,11,0.010007121111793228
230914_FCV_GCaMP6f_F3,FCV,2,nonanal4.56,0.004142002,47,0.007585998502258927
230915_FCV_GCaMP6f_F1,FCV,1,nonanal4.56,0.0067097503,11,0.007946143663262392
230915_FCV_GCaMP6f_F1,FCV,2,nonanal4.56,0.003404069,47,0.0070118142806429185
230913_ORL_GCaMP6f_F1,ORL,1,nonanal4.045,0.0010915807,12,0.0011765975359415515
230913_ORL_GCaMP6f_F1,ORL,2,nonanal4.045,0.0017422596,48,0.002351804466143843
230913_ORL_GCaMP6f_F2,ORL,1,nonanal4.045,0.0033063125,12,0.003394252364229106
230913_ORL_GCaMP6f_F2,ORL,2,nonanal4.045,0.0040473547,48,0.004495439809163029
230914_ORL_GCaMP6f_F1,ORL,1,nonanal4.045,0.009910529,12,0.009807012856307206
230914_ORL_GCaMP6f_F1,ORL,2,nonanal4.045,0.0114930365,48,0.011020325386866541
230914_ORL_GCaMP6f_F2,ORL,1,nonanal4.045,0.007289297,12,0.008005726578390413
230914_ORL_GCaMP6f_F2,ORL,2,nonanal4.045,0.005986183,48,0.008709844871333427
230915_ORL_GCaMP6f_F1,ORL,1,nonanal4.045,0.002198058,12,0.0024801628993919417
230915_ORL_GCaMP6f_F1,ORL,2,nonanal4.045,0.0020869642,48,0.0033828226824695992
230913_U52_GCaMP6f_F2,U52,1,nonanal4.045,0.003834973,12,0.005203921075313635
230913_U52_GCaMP6f_F2,U52,2,nonanal4.045,0.0008705277,48,0.00295159086277675
230913_U52_GCaMP6f_F3,U52,1,nonanal4.045,0.0066522607,12,0.007383197067498244
230913_U52_GCaMP6f_F3,U52,2,nonanal4.045,0.0034816847,48,0.005283117113027635
230914_U52_GCaMP6f_F1,U52,1,nonanal4.045,0.010375297,12,0.013714143769427601
230914_U52_GCaMP6f_F1,U52,2,nonanal4.045,0.0047166804,48,0.01439822949199101
230914_U52_GCaMP6f_F2,U52,1,nonanal4.045,0.004144818,12,0.005445877384953986
230914_U52_GCaMP6f_F2,U52,2,nonanal4.045,0.0008381787,48,0.0024979641112077653
230915_U52_GCaMP6f_F2,U52,1,nonanal4.045,0.008748654,12,0.00992344222867796
230915_U52_GCaMP6f_F2,U52,2,nonanal4.045,0.0067048715,48,0.011098770670144888
230914_FCV_GCaMP6f_F1,FCV,1,nonanal4.045,0.008360203,12,0.010129811490941514
230914_FCV_GCaMP6f_F1,FCV,2,nonanal4.045,0.005362295,48,0.011558164323445454
230914_FCV_GCaMP6f_F2,FCV,1,nonanal4.045,0.0064752228,12,0.00807871654325961
230914_FCV_GCaMP6f_F2,FCV,2,nonanal4.045,0.0024268588,48,0.005880240992739354
230914_FCV_GCaMP6f_F3,FCV,1,nonanal4.045,0.00716083,12,0.008357220502542449
230914_FCV_GCaMP6f_F3,FCV,2,nonanal4.045,0.0031852908,48,0.005909395771337814
230915_FCV_GCaMP6f_F1,FCV,1,nonanal4.045,0.0035666346,12,0.004289295335998179
230915_FCV_GCaMP6f_F1,FCV,2,nonanal4.045,0.0020610858,48,0.004311271754835612
230913_ORL_GCaMP6f_F1,ORL,1,nonanal3.445,0.00089881354,13,0.0009748909364874623
230913_ORL_GCaMP6f_F1,ORL,2,nonanal3.445,0.00093876314,49,0.001275142479934443
230913_ORL_GCaMP6f_F2,ORL,1,nonanal3.445,0.0016872782,13,0.001735948930844082
230913_ORL_GCaMP6f_F2,ORL,2,nonanal3.445,0.0020111168,49,0.00223866048597097
230914_ORL_GCaMP6f_F1,ORL,1,nonanal3.445,0.0050349147,13,0.004977967049091727
230914_ORL_GCaMP6f_F1,ORL,2,nonanal3.445,0.0071875495,49,0.006885896215953754
230914_ORL_GCaMP6f_F2,ORL,1,nonanal3.445,0.0028602178,13,0.003165972501255079
230914_ORL_GCaMP6f_F2,ORL,2,nonanal3.445,0.0026260465,49,0.003850842606804413
230915_ORL_GCaMP6f_F1,ORL,1,nonanal3.445,0.0008517565,13,0.0009707929267835083
230915_ORL_GCaMP6f_F1,ORL,2,nonanal3.445,0.0007111376,49,0.0011643618425925084
230913_U52_GCaMP6f_F2,U52,1,nonanal3.445,0.0015816649,13,0.0022015585171193887
230913_U52_GCaMP6f_F2,U52,2,nonanal3.445,0.00058837555,49,0.0020463294079366423
230913_U52_GCaMP6f_F3,U52,1,nonanal3.445,0.0032615736,13,0.003651533726232138
230913_U52_GCaMP6f_F3,U52,2,nonanal3.445,0.0020813493,49,0.0031858014350176823
230914_U52_GCaMP6f_F1,U52,1,nonanal3.445,0.005468967,13,0.007398962223711304
230914_U52_GCaMP6f_F1,U52,2,nonanal3.445,0.002390106,49,0.007467704950711405
230914_U52_GCaMP6f_F2,U52,1,nonanal3.445,0.0031033005,13,0.004171251966577857
230914_U52_GCaMP6f_F2,U52,2,nonanal3.445,0.00063773,49,0.0019443149754014171
230915_U52_GCaMP6f_F2,U52,1,nonanal3.445,0.002460011,13,0.002819799608132043
230915_U52_GCaMP6f_F2,U52,2,nonanal3.445,0.003570493,49,0.005972727444760809
230914_FCV_GCaMP6f_F1,FCV,1,nonanal3.445,0.0050414396,13,0.006207086829005176
230914_FCV_GCaMP6f_F1,FCV,2,nonanal3.445,0.002542132,49,0.0055678172389842075
230914_FCV_GCaMP6f_F2,FCV,1,nonanal3.445,0.0046483544,13,0.0059073702397169905
230914_FCV_GCaMP6f_F2,FCV,2,nonanal3.445,0.0019260742,49,0.0047536908533302785
230914_FCV_GCaMP6f_F3,FCV,1,nonanal3.445,0.003929024,13,0.004644882374837011
230914_FCV_GCaMP6f_F3,FCV,2,nonanal3.445,0.0013423287,49,0.0025225768573279546
230915_FCV_GCaMP6f_F1,FCV,1,nonanal3.445,0.0033098487,13,0.004042153030563396
230915_FCV_GCaMP6f_F1,FCV,2,nonanal3.445,0.0013380996,49,0.0028423335814850696
230913_ORL_GCaMP6f_F1,ORL,1,nonanal2.77,0.0013210673,14,0.0014418686853935362
230913_ORL_GCaMP6f_F1,ORL,2,nonanal2.77,0.00044267002,50,0.000605058178756163
230913_ORL_GCaMP6f_F2,ORL,1,nonanal2.77,0.0015238617,14,0.001571251923514093
230913_ORL_GCaMP6f_F2,ORL,2,nonanal2.77,0.0013133277,50,0.001465122922792994
230914_ORL_GCaMP6f_F1,ORL,1,nonanal2.77,0.003418524,14,0.003376902532969376
230914_ORL_GCaMP6f_F1,ORL,2,nonanal2.77,0.0040484546,50,0.003875153318361095
230914_ORL_GCaMP6f_F2,ORL,1,nonanal2.77,0.0020271463,14,0.0022614451153242306
230914_ORL_GCaMP6f_F2,ORL,2,nonanal2.77,0.0011903392,50,0.0017592072976430517
230915_ORL_GCaMP6f_F1,ORL,1,nonanal2.77,0.0007424973,14,0.0008548228327494476
230915_ORL_GCaMP6f_F1,ORL,2,nonanal2.77,0.00085357315,50,0.0014117089129211803
230913_U52_GCaMP6f_F2,U52,1,nonanal2.77,0.000767541,14,0.001095884302178513
230913_U52_GCaMP6f_F2,U52,2,nonanal2.77,0.0004859496,50,0.0017336424123442287
230913_U52_GCaMP6f_F3,U52,1,nonanal2.77,0.0015053204,14,0.00170000427524388
230913_U52_GCaMP6f_F3,U52,2,nonanal2.77,0.0014593896,50,0.0022532942715098375
230914_U52_GCaMP6f_F1,U52,1,nonanal2.77,0.0032438484,14,0.004491830950605629
230914_U52_GCaMP6f_F1,U52,2,nonanal2.77,0.00095660915,50,0.00305915770217141
230914_U52_GCaMP6f_F2,U52,1,nonanal2.77,0.0014128329,14,0.0019427351236016722
230914_U52_GCaMP6f_F2,U52,2,nonanal2.77,0.00034554102,50,0.0010777290369063104
230915_U52_GCaMP6f_F2,U52,1,nonanal2.77,0.002763884,14,0.003201555984754808
230915_U52_GCaMP6f_F2,U52,2,nonanal2.77,0.001925777,50,0.0032554467696549413
230914_FCV_GCaMP6f_F1,FCV,1,nonanal2.77,0.0031897642,14,0.003990621549430094
230914_FCV_GCaMP6f_F1,FCV,2,nonanal2.77,0.0006207741,50,0.0013815581668980765
230914_FCV_GCaMP6f_F2,FCV,1,nonanal2.77,0.0016159115,14,0.0020917984403748726
230914_FCV_GCaMP6f_F2,FCV,2,nonanal2.77,0.0010304323,50,0.0025905065168089192
230914_FCV_GCaMP6f_F3,FCV,1,nonanal2.77,0.0006558903,14,0.0007854395908179356
230914_FCV_GCaMP6f_F3,FCV,2,nonanal2.77,0.00072146964,50,0.001373393959992254
230915_FCV_GCaMP6f_F1,FCV,1,nonanal2.77,0.0023086492,14,0.0028631218675429643
230915_FCV_GCaMP6f_F1,FCV,2,nonanal2.77,0.000630158,50,0.0013592938033075595
230913_ORL_GCaMP6f_F1,ORL,1,nonanal1.72,0.00035087287,15,0.00038535845925815953
230913_ORL_GCaMP6f_F1,ORL,2,nonanal1.72,0.00071221666,51,0.00097958808597898
230913_ORL_GCaMP6f_F2,ORL,1,nonanal1.72,0.0014123657,15,0.0014594776531244786
230913_ORL_GCaMP6f_F2,ORL,2,nonanal1.72,0.0015881194,51,0.0017755549978773742
230914_ORL_GCaMP6f_F1,ORL,1,nonanal1.72,0.001956731,15,0.0019312167094254445
230914_ORL_GCaMP6f_F1,ORL,2,nonanal1.72,0.0015387041,51,0.0014715489722955202
230914_ORL_GCaMP6f_F2,ORL,1,nonanal1.72,0.0013222654,15,0.0014866629505196377
230914_ORL_GCaMP6f_F2,ORL,2,nonanal1.72,0.0007087632,51,0.001055699626505553
230915_ORL_GCaMP6f_F1,ORL,1,nonanal1.72,0.0010198746,15,0.001186036621857141
230915_ORL_GCaMP6f_F1,ORL,2,nonanal1.72,0.0007293508,51,0.0012184591204170403
230913_U52_GCaMP6f_F2,U52,1,nonanal1.72,0.00059990666,15,0.0008786060139550396
230913_U52_GCaMP6f_F2,U52,2,nonanal1.72,0.0009663813,51,0.00353642276492728
230913_U52_GCaMP6f_F3,U52,1,nonanal1.72,0.0026343241,15,0.003000980715912813
230913_U52_GCaMP6f_F3,U52,2,nonanal1.72,0.0007327277,51,0.0011412011714302351
230914_U52_GCaMP6f_F1,U52,1,nonanal1.72,0.0011970786,15,0.0016966133017167057
230914_U52_GCaMP6f_F1,U52,2,nonanal1.72,0.00056969485,51,0.0018646914324129552
230914_U52_GCaMP6f_F2,U52,1,nonanal1.72,0.0016003625,15,0.002251237727515846
230914_U52_GCaMP6f_F2,U52,2,nonanal1.72,0.00069779897,51,0.002226488707047389
230915_U52_GCaMP6f_F2,U52,1,nonanal1.72,0.001502234,15,0.0017584862143858715
230915_U52_GCaMP6f_F2,U52,2,nonanal1.72,0.0005640626,51,0.0009635893691473153
230914_FCV_GCaMP6f_F1,FCV,1,nonanal1.72,0.0013980797,15,0.0017773076307066045
230914_FCV_GCaMP6f_F1,FCV,2,nonanal1.72,0.0010692807,51,0.002418109845546602
230914_FCV_GCaMP6f_F2,FCV,1,nonanal1.72,0.000582665,15,0.0007682958705966586
230914_FCV_GCaMP6f_F2,FCV,2,nonanal1.72,0.00057607115,51,0.0014751923652263337
230914_FCV_GCaMP6f_F3,FCV,1,nonanal1.72,0.0006348322,15,0.0007700733052991037
230914_FCV_GCaMP6f_F3,FCV,2,nonanal1.72,0.001052349,51,0.0020292166022477494
230915_FCV_GCaMP6f_F1,FCV,1,nonanal1.72,0.0011208036,15,0.0014115253498015018
230915_FCV_GCaMP6f_F1,FCV,2,nonanal1.72,0.00052045216,51,0.0011400449520198009
230913_ORL_GCaMP6f_F1,ORL,1,decanal4.53,0.0038663645,16,0.004272993604080092
230913_ORL_GCaMP6f_F1,ORL,2,decanal4.53,0.0033390357,52,0.0046213277368237875
230913_ORL_GCaMP6f_F2,ORL,1,decanal4.53,0.011172923,16,0.011570899263700607
230913_ORL_GCaMP6f_F2,ORL,2,decanal4.53,0.008800178,52,0.009860352796497938
230914_ORL_GCaMP6f_F1,ORL,1,decanal4.53,0.013570639,16,0.013381973791977817
230914_ORL_GCaMP6f_F1,ORL,2,decanal4.53,0.013155174,52,0.012570026632244892
230914_ORL_GCaMP6f_F2,ORL,1,decanal4.53,0.016143927,16,0.01829346590647377
230914_ORL_GCaMP6f_F2,ORL,2,decanal4.53,0.010973097,52,0.01647256961364794
230915_ORL_GCaMP6f_F1,ORL,1,decanal4.53,0.011216538,16,0.013175898590729604
230915_ORL_GCaMP6f_F1,ORL,2,decanal4.53,0.0072901133,52,0.012302089029302597
230913_U52_GCaMP6f_F2,U52,1,decanal4.53,0.0050775926,16,0.0076280882098587405
230913_U52_GCaMP6f_F2,U52,2,decanal4.53,0.0021972558,52,0.00824790491271875
230913_U52_GCaMP6f_F3,U52,1,decanal4.53,0.00599873,16,0.006893285212414625
230913_U52_GCaMP6f_F3,U52,2,decanal4.53,0.0030844356,52,0.00484583072475625
230914_U52_GCaMP6f_F1,U52,1,decanal4.53,0.012262922,16,0.017788999100225474
230914_U52_GCaMP6f_F1,U52,2,decanal4.53,0.004408526,52,0.014769147746580759
230914_U52_GCaMP6f_F2,U52,1,decanal4.53,0.0017653028,16,0.0025404017396609994
230914_U52_GCaMP6f_F2,U52,2,decanal4.53,0.0008263117,52,0.0026972069756498037
230915_U52_GCaMP6f_F2,U52,1,decanal4.53,0.009846498,16,0.011647782970870447
230915_U52_GCaMP6f_F2,U52,2,decanal4.53,0.0065855174,52,0.01136880162944883
230914_FCV_GCaMP6f_F1,FCV,1,decanal4.53,0.010025012,16,0.012949836598628268
230914_FCV_GCaMP6f_F1,FCV,2,decanal4.53,0.0056028715,52,0.0128748942661438
230914_FCV_GCaMP6f_F2,FCV,1,decanal4.53,0.005804152,16,0.0077957095410216715
230914_FCV_GCaMP6f_F2,FCV,2,decanal4.53,0.0023589244,52,0.0061530983544969475
230914_FCV_GCaMP6f_F3,FCV,1,decanal4.53,0.0054371674,16,0.006680936863408859
230914_FCV_GCaMP6f_F3,FCV,2,decanal4.53,0.0029549168,52,0.005771722107294955
230915_FCV_GCaMP6f_F1,FCV,1,decanal4.53,0.0052682566,16,0.0067375711190484485
230915_FCV_GCaMP6f_F1,FCV,2,decanal4.53,0.0020388672,52,0.004535314177263437
230913_ORL_GCaMP6f_F1,ORL,1,decanal4.015,0.001568187,17,0.00174398055369672
230913_ORL_GCaMP6f_F1,ORL,2,decanal4.015,0.0022187862,53,0.00309012112633163
230913_ORL_GCaMP6f_F2,ORL,1,decanal4.015,0.005816765,17,0.00603714830354746
230913_ORL_GCaMP6f_F2,ORL,2,decanal4.015,0.0061420994,53,0.006897121188886607
230914_ORL_GCaMP6f_F1,ORL,1,decanal4.015,0.013251675,17,0.013056015162138808
230914_ORL_GCaMP6f_F1,ORL,2,decanal4.015,0.012372157,53,0.011811498955103562
230914_ORL_GCaMP6f_F2,ORL,1,decanal4.015,0.01229918,17,0.014046104442968697
230914_ORL_GCaMP6f_F2,ORL,2,decanal4.015,0.008805284,53,0.013321969250700364
230915_ORL_GCaMP6f_F1,ORL,1,decanal4.015,0.005377665,17,0.006380948570660979
230915_ORL_GCaMP6f_F1,ORL,2,decanal4.015,0.004037364,53,0.006881966941674153
230913_U52_GCaMP6f_F2,U52,1,decanal4.015,0.0041516577,17,0.006397742541606364
230913_U52_GCaMP6f_F2,U52,2,decanal4.015,0.001496694,53,0.005762930863265472
230913_U52_GCaMP6f_F3,U52,1,decanal4.015,0.005763487,17,0.0066807494440766215
230913_U52_GCaMP6f_F3,U52,2,decanal4.015,0.0040331017,53,0.006391527163341051
230914_U52_GCaMP6f_F1,U52,1,decanal4.015,0.010939882,17,0.016243048145823773
230914_U52_GCaMP6f_F1,U52,2,decanal4.015,0.003680122,53,0.012618902696962881
230914_U52_GCaMP6f_F2,U52,1,decanal4.015,0.0020676232,17,0.003043930886814462
230914_U52_GCaMP6f_F2,U52,2,decanal4.015,0.00051223964,53,0.0017105026649560757
230915_U52_GCaMP6f_F2,U52,1,decanal4.015,0.009337934,17,0.011162779986097448
230915_U52_GCaMP6f_F2,U52,2,decanal4.015,0.0071855397,53,0.012535575368730638
230914_FCV_GCaMP6f_F1,FCV,1,decanal4.015,0.005521515,17,0.007247468816544305
230914_FCV_GCaMP6f_F1,FCV,2,decanal4.015,0.004101117,53,0.009575994325017103
230914_FCV_GCaMP6f_F2,FCV,1,decanal4.015,0.0050324257,17,0.006884962010109793
230914_FCV_GCaMP6f_F2,FCV,2,decanal4.015,0.002543207,53,0.0067572322993722815
230914_FCV_GCaMP6f_F3,FCV,1,decanal4.015,0.0038935982,17,0.0048462669969766125
230914_FCV_GCaMP6f_F3,FCV,2,decanal4.015,0.0027187192,53,0.00537917968184729
230915_FCV_GCaMP6f_F1,FCV,1,decanal4.015,0.0041110488,17,0.005339079065400423
230915_FCV_GCaMP6f_F1,FCV,2,decanal4.015,0.002181885,53,0.004928645392683997
230913_ORL_GCaMP6f_F1,ORL,1,decanal3.425,0.0010351833,18,0.0011584449118494198
230913_ORL_GCaMP6f_F1,ORL,2,decanal3.425,0.001252824,54,0.0017557571759440646
230913_ORL_GCaMP6f_F2,ORL,1,decanal3.425,0.0023662855,18,0.0024613166394894677
230913_ORL_GCaMP6f_F2,ORL,2,decanal3.425,0.0050466345,54,0.005679405634684093
230914_ORL_GCaMP6f_F1,ORL,1,decanal3.425,0.007255185,18,0.00714181100014234
230914_ORL_GCaMP6f_F1,ORL,2,decanal3.425,0.007711503,54,0.007355608696724219
230914_ORL_GCaMP6f_F2,ORL,1,decanal3.425,0.0046549193,18,0.005357779272406789
230914_ORL_GCaMP6f_F2,ORL,2,decanal3.425,0.0039424296,54,0.006011487265088853
230915_ORL_GCaMP6f_F1,ORL,1,decanal3.425,0.0010430447,18,0.0012501568610025033
230915_ORL_GCaMP6f_F1,ORL,2,decanal3.425,0.0017421037,54,0.0029995683828531656
230913_U52_GCaMP6f_F2,U52,1,decanal3.425,0.0017551399,18,0.0027743696516601976
230913_U52_GCaMP6f_F2,U52,2,decanal3.425,0.00062498293,54,0.002468458973042774
230913_U52_GCaMP6f_F3,U52,1,decanal3.425,0.0034386877,18,0.004020735781248153
230913_U52_GCaMP6f_F3,U52,2,decanal3.425,0.0039054435,54,0.006243221712259712
230914_U52_GCaMP6f_F1,U52,1,decanal3.425,0.006890291,18,0.010471039663717709
230914_U52_GCaMP6f_F1,U52,2,decanal3.425,0.002241167,54,0.00786558341458346
230914_U52_GCaMP6f_F2,U52,1,decanal3.425,0.0005166328,18,0.0007780823529596662
230914_U52_GCaMP6f_F2,U52,2,decanal3.425,0.0013177408,54,0.0045015363748102865
230915_U52_GCaMP6f_F2,U52,1,decanal3.425,0.0048596947,18,0.00587071021416411
230915_U52_GCaMP6f_F2,U52,2,decanal3.425,0.004514842,54,0.0079595319015861
230914_FCV_GCaMP6f_F1,FCV,1,decanal3.425,0.005028895,18,0.00670732543791957
230914_FCV_GCaMP6f_F1,FCV,2,decanal3.425,0.0030513208,54,0.007239662187043503
230914_FCV_GCaMP6f_F2,FCV,1,decanal3.425,0.0030256298,18,0.004216453062719104
230914_FCV_GCaMP6f_F2,FCV,2,decanal3.425,0.0013818416,54,0.003739837279327308
230914_FCV_GCaMP6f_F3,FCV,1,decanal3.425,0.0024892224,18,0.003138422774303942
230914_FCV_GCaMP6f_F3,FCV,2,decanal3.425,0.0014295843,54,0.0028651872411544913
230915_FCV_GCaMP6f_F1,FCV,1,decanal3.425,0.0039881803,18,0.005259758229445609
230915_FCV_GCaMP6f_F1,FCV,2,decanal3.425,0.0010790714,54,0.0024752734047084374
230913_ORL_GCaMP6f_F1,ORL,1,decanal2.855,0.00066057267,19,0.0007438631952849357
230913_ORL_GCaMP6f_F1,ORL,2,decanal2.855,0.0016301292,55,0.0022988506381326195
230913_ORL_GCaMP6f_F2,ORL,1,decanal2.855,0.0021422207,19,0.0022331329308893596
230913_ORL_GCaMP6f_F2,ORL,2,decanal2.855,0.00258522,55,0.0029157384365462394
230914_ORL_GCaMP6f_F1,ORL,1,decanal2.855,0.003579407,19,0.0035203912860236708
230914_ORL_GCaMP6f_F1,ORL,2,decanal2.855,0.0042524463,55,0.00405264363414585
230914_ORL_GCaMP6f_F2,ORL,1,decanal2.855,0.002153653,19,0.002498281186751559
230914_ORL_GCaMP6f_F2,ORL,2,decanal2.855,0.0024613608,55,0.0037825631722607765
230915_ORL_GCaMP6f_F1,ORL,1,decanal2.855,0.00095583714,19,0.0011572190589964483
230915_ORL_GCaMP6f_F1,ORL,2,decanal2.855,0.0010554976,55,0.0018357439368034668
230913_U52_GCaMP6f_F2,U52,1,decanal2.855,0.0010897984,19,0.0017670389303878467
230913_U52_GCaMP6f_F2,U52,2,decanal2.855,0.00032868935,55,0.0013316520320605782
230913_U52_GCaMP6f_F3,U52,1,decanal2.855,0.0021953755,19,0.0025893725884170915
230913_U52_GCaMP6f_F3,U52,2,decanal2.855,0.0018148874,55,0.002926584159962776
230914_U52_GCaMP6f_F1,U52,1,decanal2.855,0.00467136,19,0.007265958700479023
230914_U52_GCaMP6f_F1,U52,2,decanal2.855,0.0012234829,55,0.0043949301040943625
230914_U52_GCaMP6f_F2,U52,1,decanal2.855,0.0016043201,19,0.0024718084608664503
230914_U52_GCaMP6f_F2,U52,2,decanal2.855,0.00049727457,55,0.0017378297233646245
230915_U52_GCaMP6f_F2,U52,1,decanal2.855,0.0011435049,19,0.0013959818733661651
230915_U52_GCaMP6f_F2,U52,2,decanal2.855,0.0022494367,55,0.004007548987238091
230914_FCV_GCaMP6f_F1,FCV,1,decanal2.855,0.0038802605,19,0.005258796985217039
230914_FCV_GCaMP6f_F1,FCV,2,decanal2.855,0.00075244537,55,0.0018140703216279897
230914_FCV_GCaMP6f_F2,FCV,1,decanal2.855,0.0017595172,19,0.002497654154691947
230914_FCV_GCaMP6f_F2,FCV,2,decanal2.855,0.0008327655,55,0.002295749365078418
230914_FCV_GCaMP6f_F3,FCV,1,decanal2.855,0.0015984251,19,0.0020414163006538793
230914_FCV_GCaMP6f_F3,FCV,2,decanal2.855,0.0010037068,55,0.0020377065734732127
230915_FCV_GCaMP6f_F1,FCV,1,decanal2.855,0.0019897562,19,0.002664821613670152
230915_FCV_GCaMP6f_F1,FCV,2,decanal2.855,0.00052501215,55,0.0012229807617422349
230913_ORL_GCaMP6f_F1,ORL,1,decanal2.18,0.00096123794,20,0.0010892252847401426
230913_ORL_GCaMP6f_F1,ORL,2,decanal2.18,0.0012861597,56,0.0018251474925784382
230913_ORL_GCaMP6f_F2,ORL,1,decanal2.18,0.0008840214,20,0.0009235558465186233
230913_ORL_GCaMP6f_F2,ORL,2,decanal2.18,0.002752999,56,0.0031117674072446283
230914_ORL_GCaMP6f_F1,ORL,1,decanal2.18,0.0017917698,20,0.00176068659976716
230914_ORL_GCaMP6f_F1,ORL,2,decanal2.18,0.0017379473,56,0.0016548406234704637
230914_ORL_GCaMP6f_F2,ORL,1,decanal2.18,0.0025701437,20,0.0030048024089763398
230914_ORL_GCaMP6f_F2,ORL,2,decanal2.18,0.000914547,56,0.0014164781031249503
230915_ORL_GCaMP6f_F1,ORL,1,decanal2.18,0.00046474088,20,0.0005683457810529098
230915_ORL_GCaMP6f_F1,ORL,2,decanal2.18,0.00046466858,56,0.0008163346819227326
230913_U52_GCaMP6f_F2,U52,1,decanal2.18,0.00036901442,20,0.0006137487987445333
230913_U52_GCaMP6f_F2,U52,2,decanal2.18,0.00046596603,56,0.0019364520441744427
230913_U52_GCaMP6f_F3,U52,1,decanal2.18,0.001019309,20,0.0012127311280577674
230913_U52_GCaMP6f_F3,U52,2,decanal2.18,0.00085640425,56,0.0013930383714903434
230914_U52_GCaMP6f_F1,U52,1,decanal2.18,0.0020009526,20,0.0031855449304905377
230914_U52_GCaMP6f_F1,U52,2,decanal2.18,0.00045360826,56,0.001667755454443105
230914_U52_GCaMP6f_F2,U52,1,decanal2.18,0.00076398574,20,0.0012041739884055276
230914_U52_GCaMP6f_F2,U52,2,decanal2.18,0.00037478344,56,0.0013398974575810397
230915_U52_GCaMP6f_F2,U52,1,decanal2.18,0.0023102066,20,0.0028500511963872642
230915_U52_GCaMP6f_F2,U52,2,decanal2.18,0.0018528233,56,0.0033357935059304066
230914_FCV_GCaMP6f_F1,FCV,1,decanal2.18,0.0040429807,20,0.0055677009726444225
230914_FCV_GCaMP6f_F1,FCV,2,decanal2.18,0.0018488406,56,0.004529260766281561
230914_FCV_GCaMP6f_F2,FCV,1,decanal2.18,0.0013191038,20,0.0019073265826456591
230914_FCV_GCaMP6f_F2,FCV,2,decanal2.18,0.00073855993,56,0.002073933344517832
230914_FCV_GCaMP6f_F3,FCV,1,decanal2.18,0.0004582582,20,0.0005928448806545798
230914_FCV_GCaMP6f_F3,FCV,2,decanal2.18,0.00075129064,56,0.0015450206900990944
230915_FCV_GCaMP6f_F1,FCV,1,decanal2.18,0.0014066632,20,0.001913091222553955
230915_FCV_GCaMP6f_F1,FCV,2,decanal2.18,0.0011788564,56,0.0027886143284894943
230913_ORL_GCaMP6f_F1,ORL,1,undecanal4.145,0.0018280182,21,0.0020844028872415857
230913_ORL_GCaMP6f_F1,ORL,2,undecanal4.145,0.0011340773,57,0.0016194221187216362
230913_ORL_GCaMP6f_F2,ORL,1,undecanal4.145,0.00666184,21,0.0069750062423758665
230913_ORL_GCaMP6f_F2,ORL,2,undecanal4.145,0.004985507,57,0.005647554408263026
230914_ORL_GCaMP6f_F1,ORL,1,undecanal4.145,0.013334727,21,0.013091938838829512
230914_ORL_GCaMP6f_F1,ORL,2,undecanal4.145,0.011547808,57,0.010985987920750362
230914_ORL_GCaMP6f_F2,ORL,1,undecanal4.145,0.012889508,21,0.015187552032441617
230914_ORL_GCaMP6f_F2,ORL,2,undecanal4.145,0.009440326,57,0.01473614049290508
230915_ORL_GCaMP6f_F1,ORL,1,undecanal4.145,0.0051951613,21,0.006417574054473369
230915_ORL_GCaMP6f_F1,ORL,2,undecanal4.145,0.0041185194,57,0.0073086328368028655
230913_U52_GCaMP6f_F2,U52,1,undecanal4.145,0.0028400244,21,0.004845256299249584
230913_U52_GCaMP6f_F2,U52,2,undecanal4.145,0.0015682338,57,0.006685142441498576
230913_U52_GCaMP6f_F3,U52,1,undecanal4.145,0.004112829,21,0.004935967058670323
230913_U52_GCaMP6f_F3,U52,2,undecanal4.145,0.0020129953,57,0.003302934487040659
230914_U52_GCaMP6f_F1,U52,1,undecanal4.145,0.009999353,21,0.016293567383952254
230914_U52_GCaMP6f_F1,U52,2,undecanal4.145,0.0031071715,57,0.011692677916886598
230914_U52_GCaMP6f_F2,U52,1,undecanal4.145,0.00075444876,21,0.0012165051107137443
230914_U52_GCaMP6f_F2,U52,2,undecanal4.145,0.0006121708,57,0.0022389478586495913
230915_U52_GCaMP6f_F2,U52,1,undecanal4.145,0.00602275,21,0.007508561971717168
230915_U52_GCaMP6f_F2,U52,2,undecanal4.145,0.004575144,57,0.00832396058687388
230914_FCV_GCaMP6f_F1,FCV,1,undecanal4.145,0.0070856167,21,0.009915179963162045
230914_FCV_GCaMP6f_F1,FCV,2,undecanal4.145,0.003724932,57,0.009272458888141781
230914_FCV_GCaMP6f_F2,FCV,1,undecanal4.145,0.0044615655,21,0.006571139211366318
230914_FCV_GCaMP6f_F2,FCV,2,undecanal4.145,0.0018488681,57,0.005288375521901031
230914_FCV_GCaMP6f_F3,FCV,1,undecanal4.145,0.0024315605,21,0.003186452510479151
230914_FCV_GCaMP6f_F3,FCV,2,undecanal4.145,0.0014864547,57,0.003096488999168436
230915_FCV_GCaMP6f_F1,FCV,1,undecanal4.145,0.0032859654,21,0.004538222837983668
230915_FCV_GCaMP6f_F1,FCV,2,undecanal4.145,0.0014488688,57,0.0034804378820135354
230913_ORL_GCaMP6f_F1,ORL,1,undecanal3.9,0.0016290104,22,0.0018691293120062472
230913_ORL_GCaMP6f_F1,ORL,2,undecanal3.9,0.002721345,58,0.003910347494744483
230913_ORL_GCaMP6f_F2,ORL,1,undecanal3.9,0.004551725,22,0.004776133280454844
230913_ORL_GCaMP6f_F2,ORL,2,undecanal3.9,0.0059597567,58,0.006765963380733342
230914_ORL_GCaMP6f_F1,ORL,1,undecanal3.9,0.010851514,22,0.010644620098192226
230914_ORL_GCaMP6f_F1,ORL,2,undecanal3.9,0.009250088,58,0.008792359141995111
230914_ORL_GCaMP6f_F2,ORL,1,undecanal3.9,0.009191578,22,0.010915268948958893
230914_ORL_GCaMP6f_F2,ORL,2,undecanal3.9,0.0056778286,58,0.008932478204675421
230915_ORL_GCaMP6f_F1,ORL,1,undecanal3.9,0.003460367,22,0.004317815714785254
230915_ORL_GCaMP6f_F1,ORL,2,undecanal3.9,0.0025056314,58,0.004491405845569884
230913_U52_GCaMP6f_F2,U52,1,undecanal3.9,0.002359127,22,0.00412851028192815
230913_U52_GCaMP6f_F2,U52,2,undecanal3.9,0.0009189465,58,0.004018254587880844
230913_U52_GCaMP6f_F3,U52,1,undecanal3.9,0.0021551168,22,0.0026090076064679895
230913_U52_GCaMP6f_F3,U52,2,undecanal3.9,0.0041318773,58,0.006838762920856921
230914_U52_GCaMP6f_F1,U52,1,undecanal3.9,0.007153834,22,0.011931100004532536
230914_U52_GCaMP6f_F1,U52,2,undecanal3.9,0.0029138413,58,0.011223078572881207
230914_U52_GCaMP6f_F2,U52,1,undecanal3.9,0.0009508313,22,0.0015684398130416711
230914_U52_GCaMP6f_F2,U52,2,undecanal3.9,0.0006482362,58,0.002425408241247161
230915_U52_GCaMP6f_F2,U52,1,undecanal3.9,0.0029641883,22,0.00373446001722231
230915_U52_GCaMP6f_F2,U52,2,undecanal3.9,0.0035480512,58,0.006523418152016266
230914_FCV_GCaMP6f_F1,FCV,1,undecanal3.9,0.0066972426,22,0.00952286633835117
230914_FCV_GCaMP6f_F1,FCV,2,undecanal3.9,0.0037491869,58,0.009483362901475076
230914_FCV_GCaMP6f_F2,FCV,1,undecanal3.9,0.0037431389,22,0.005615606168115194
230914_FCV_GCaMP6f_F2,FCV,2,undecanal3.9,0.0017941935,58,0.005227486748467944
230914_FCV_GCaMP6f_F3,FCV,1,undecanal3.9,0.0009446611,22,0.0012539780773136527
230914_FCV_GCaMP6f_F3,FCV,2,undecanal3.9,0.0014160149,58,0.0029879768447165817
230915_FCV_GCaMP6f_F1,FCV,1,undecanal3.9,0.0026480334,22,0.0037138432292694898
230915_FCV_GCaMP6f_F1,FCV,2,undecanal3.9,0.0009988844,58,0.002436673470243126
230913_ORL_GCaMP6f_F1,ORL,1,undecanal3.205,0.00047011607,23,0.00054279386297572
230913_ORL_GCaMP6f_F1,ORL,2,undecanal3.205,0.0016731495,59,0.002419250492713531
230913_ORL_GCaMP6f_F2,ORL,1,undecanal3.205,0.0018845311,23,0.0019817722827339223
230913_ORL_GCaMP6f_F2,ORL,2,undecanal3.205,0.002085984,59,0.002373351725815234
230914_ORL_GCaMP6f_F1,ORL,1,undecanal3.205,0.004184614,23,0.004101240404008095
230914_ORL_GCaMP6f_F1,ORL,2,undecanal3.205,0.0064179385,59,0.006095019487477656
230914_ORL_GCaMP6f_F2,ORL,1,undecanal3.205,0.0035131646,23,0.004204707482207328
230914_ORL_GCaMP6f_F2,ORL,2,undecanal3.205,0.0025613983,59,0.004061250049989526
230915_ORL_GCaMP6f_F1,ORL,1,undecanal3.205,0.00078225037,23,0.0009859566178820332
230915_ORL_GCaMP6f_F1,ORL,2,undecanal3.205,0.0009764265,59,0.0017679694765728579
230913_U52_GCaMP6f_F2,U52,1,undecanal3.205,0.0014410439,23,0.002586822481764195
230913_U52_GCaMP6f_F2,U52,2,undecanal3.205,0.0005218802,59,0.0023408059207368328
230913_U52_GCaMP6f_F3,U52,1,undecanal3.205,0.0020022336,23,0.0024450751469483906
230913_U52_GCaMP6f_F3,U52,2,undecanal3.205,0.001187031,59,0.001981824195752307
230914_U52_GCaMP6f_F1,U52,1,undecanal3.205,0.003936787,23,0.006720179788309036
230914_U52_GCaMP6f_F1,U52,2,undecanal3.205,0.0018397603,59,0.007252783247438207
230914_U52_GCaMP6f_F2,U52,1,undecanal3.205,0.001078648,23,0.001820221878757247
230914_U52_GCaMP6f_F2,U52,2,undecanal3.205,0.00036681164,59,0.0014040251166726682
230915_U52_GCaMP6f_F2,U52,1,undecanal3.205,0.00326948,23,0.004162562835703756
230915_U52_GCaMP6f_F2,U52,2,undecanal3.205,0.001503706,59,0.0027938839588194783
230914_FCV_GCaMP6f_F1,FCV,1,undecanal3.205,0.007100238,23,0.01025872234911982
230914_FCV_GCaMP6f_F1,FCV,2,undecanal3.205,0.0012047627,59,0.0030965315122899314
230914_FCV_GCaMP6f_F2,FCV,1,undecanal3.205,0.0018951363,23,0.0028960659934843536
230914_FCV_GCaMP6f_F2,FCV,2,undecanal3.205,0.0005940701,59,0.0017630663666862926
230914_FCV_GCaMP6f_F3,FCV,1,undecanal3.205,0.00077354297,23,0.001040135446997387
230914_FCV_GCaMP6f_F3,FCV,2,undecanal3.205,0.0011538264,59,0.002466274527322099
230915_FCV_GCaMP6f_F1,FCV,1,undecanal3.205,0.003098527,23,0.004412987233158581
230915_FCV_GCaMP6f_F1,FCV,2,undecanal3.205,0.0011066934,59,0.0027414902258381104
230913_ORL_GCaMP6f_F1,ORL,1,undecanal2.765,0.00078988884,24,0.0009177199022609218
230913_ORL_GCaMP6f_F1,ORL,2,undecanal2.765,0.0006872416,60,0.0009999306277684754
230913_ORL_GCaMP6f_F2,ORL,1,undecanal2.765,0.0015159898,24,0.0015977055343049285
230913_ORL_GCaMP6f_F2,ORL,2,undecanal2.765,0.0033944952,60,0.0038705826865442017
230914_ORL_GCaMP6f_F1,ORL,1,undecanal2.765,0.0035435902,24,0.003469950726502482
230914_ORL_GCaMP6f_F1,ORL,2,undecanal2.765,0.00401392,60,0.0038086253363722954
230914_ORL_GCaMP6f_F2,ORL,1,undecanal2.765,0.002599617,24,0.0031357366623090206
230914_ORL_GCaMP6f_F2,ORL,2,undecanal2.765,0.002223696,60,0.003553456090073422
230915_ORL_GCaMP6f_F1,ORL,1,undecanal2.765,0.0007220602,24,0.0009192963265292405
230915_ORL_GCaMP6f_F1,ORL,2,undecanal2.765,0.0005017071,60,0.0009176045122710188
230913_U52_GCaMP6f_F2,U52,1,undecanal2.765,0.00086441694,24,0.0015916957269494086
230913_U52_GCaMP6f_F2,U52,2,undecanal2.765,0.00025790825,60,0.0011866077695193674
230913_U52_GCaMP6f_F3,U52,1,undecanal2.765,0.0025602458,24,0.0031537848445070196
230913_U52_GCaMP6f_F3,U52,2,undecanal2.765,0.0008183573,60,0.0013782213062788788
230914_U52_GCaMP6f_F1,U52,1,undecanal2.765,0.0023509194,24,0.0041074667899996704
230914_U52_GCaMP6f_F1,U52,2,undecanal2.765,0.0010832313,60,0.00437081075177933
230914_U52_GCaMP6f_F2,U52,1,undecanal2.765,0.0007851611,24,0.001355450187263925
230914_U52_GCaMP6f_F2,U52,2,undecanal2.765,0.00033892956,60,0.0013271542910937518
230915_U52_GCaMP6f_F2,U52,1,undecanal2.765,0.002232008,24,0.002871692647988063
230915_U52_GCaMP6f_F2,U52,2,undecanal2.765,0.001173972,60,0.0022042622469601193
230914_FCV_GCaMP6f_F1,FCV,1,undecanal2.765,0.0036407572,24,0.005345161087450884
230914_FCV_GCaMP6f_F1,FCV,2,undecanal2.765,0.0013289838,60,0.0034709023036964552
230914_FCV_GCaMP6f_F2,FCV,1,undecanal2.765,0.0017900905,24,0.0027864438503793143
230914_FCV_GCaMP6f_F2,FCV,2,undecanal2.765,0.00060861226,60,0.001839835384866072
230914_FCV_GCaMP6f_F3,FCV,1,undecanal2.765,0.001085571,24,0.0014786154096097701
230914_FCV_GCaMP6f_F3,FCV,2,undecanal2.765,0.0009188333,60,0.0019894325237040317
230915_FCV_GCaMP6f_F1,FCV,1,undecanal2.765,0.0019871825,24,0.002874037415989379
230915_FCV_GCaMP6f_F1,FCV,2,undecanal2.765,0.0011680269,60,0.0029382551388037123
230913_ORL_GCaMP6f_F1,ORL,1,undecanal2.375,0.00051063596,25,0.000596993920113473
230913_ORL_GCaMP6f_F1,ORL,2,undecanal2.375,0.0016178149,61,0.0023686647780510844
230913_ORL_GCaMP6f_F2,ORL,1,undecanal2.375,0.00122337,25,0.0012921362361026144
230913_ORL_GCaMP6f_F2,ORL,2,undecanal2.375,0.0022421398,61,0.0025622049022771144
230914_ORL_GCaMP6f_F1,ORL,1,undecanal2.375,0.0028849056,25,0.0028224835206348956
230914_ORL_GCaMP6f_F1,ORL,2,undecanal2.375,0.002776714,61,0.0026323927255944178
230914_ORL_GCaMP6f_F2,ORL,1,undecanal2.375,0.0021073343,25,0.002561866985351436
230914_ORL_GCaMP6f_F2,ORL,2,undecanal2.375,0.0010389631,61,0.0016732798737520347
230915_ORL_GCaMP6f_F1,ORL,1,undecanal2.375,0.00038981298,25,0.0005013124631633941
230915_ORL_GCaMP6f_F1,ORL,2,undecanal2.375,0.0012229923,61,0.0022594311107537665
230913_U52_GCaMP6f_F2,U52,1,undecanal2.375,0.0007014775,25,0.0013249451282234658
230913_U52_GCaMP6f_F2,U52,2,undecanal2.375,0.00057305425,61,0.0027044879867986877
230913_U52_GCaMP6f_F3,U52,1,undecanal2.375,0.0006310466,25,0.0007841240311573618
230913_U52_GCaMP6f_F3,U52,2,undecanal2.375,0.0021910311,61,0.0037221808814029184
230914_U52_GCaMP6f_F1,U52,1,undecanal2.375,0.0013806113,25,0.002468909048006064
230914_U52_GCaMP6f_F1,U52,2,undecanal2.375,0.00085838384,61,0.0035450280993793858
230914_U52_GCaMP6f_F2,U52,1,undecanal2.375,0.0003961774,25,0.0006996723057137237
230914_U52_GCaMP6f_F2,U52,2,undecanal2.375,0.00064155937,61,0.002569975715151625
230915_U52_GCaMP6f_F2,U52,1,undecanal2.375,0.0020959002,25,0.002725040119669634
230915_U52_GCaMP6f_F2,U52,2,undecanal2.375,0.00094718585,61,0.0017972182381774543
230914_FCV_GCaMP6f_F1,FCV,1,undecanal2.375,0.001997861,25,0.0029804583822542864
230914_FCV_GCaMP6f_F1,FCV,2,undecanal2.375,0.0012891605,61,0.003421199536801035
230914_FCV_GCaMP6f_F2,FCV,1,undecanal2.375,0.0009893451,25,0.0015686657701115421
230914_FCV_GCaMP6f_F2,FCV,2,undecanal2.375,0.0005912127,61,0.00182049432645672
230914_FCV_GCaMP6f_F3,FCV,1,undecanal2.375,0.000639141,25,0.0008818306998630181
230914_FCV_GCaMP6f_F3,FCV,2,undecanal2.375,0.0012757243,61,0.0027979558465177864
230915_FCV_GCaMP6f_F1,FCV,1,undecanal2.375,0.00057203363,25,0.0008401435611435198
230915_FCV_GCaMP6f_F1,FCV,2,undecanal2.375,0.00088258716,61,0.0022546105880607284
230913_ORL_GCaMP6f_F1,ORL,1,paraffin,0.0012336775,26,0.001451357820382984
230913_ORL_GCaMP6f_F1,ORL,2,paraffin,0.00041039006,62,0.0006046247836332847
230913_ORL_GCaMP6f_F2,ORL,1,paraffin,0.001599244,26,0.001692837334947429
230913_ORL_GCaMP6f_F2,ORL,2,paraffin,0.0019207818,62,0.0021997798576685614
230914_ORL_GCaMP6f_F1,ORL,1,paraffin,0.003971734,26,0.003882397111689893
230914_ORL_GCaMP6f_F1,ORL,2,paraffin,0.0053247595,62,0.005043587055311395
230914_ORL_GCaMP6f_F2,ORL,1,paraffin,0.0023171685,26,0.002839054193235322
230914_ORL_GCaMP6f_F2,ORL,2,paraffin,0.0020731261,62,0.003365015809555135
230915_ORL_GCaMP6f_F1,ORL,1,paraffin,0.0022650964,26,0.002942449267569074
230915_ORL_GCaMP6f_F1,ORL,2,paraffin,0.0013169738,62,0.002457664549451792
230913_U52_GCaMP6f_F2,U52,1,paraffin,0.0008842945,26,0.0017132803616078023
230913_U52_GCaMP6f_F2,U52,2,paraffin,0.00041314037,62,0.002000019909314725
230913_U52_GCaMP6f_F3,U52,1,paraffin,0.0008480119,26,0.001062914209125815
230913_U52_GCaMP6f_F3,U52,2,paraffin,0.00026732404,62,0.00045809956691667393
230914_U52_GCaMP6f_F1,U52,1,paraffin,0.0014770137,26,0.0027034325464209428
230914_U52_GCaMP6f_F1,U52,2,paraffin,0.00063816074,62,0.0026975256211215757
230914_U52_GCaMP6f_F2,U52,1,paraffin,0.0018585994,26,0.003357924898035076
230914_U52_GCaMP6f_F2,U52,2,paraffin,0.0014201279,62,0.005819689663969263
230915_U52_GCaMP6f_F2,U52,1,paraffin,0.0033517403,26,0.004403852400758945
230915_U52_GCaMP6f_F2,U52,2,paraffin,0.0024741115,62,0.0047440032257974685
230914_FCV_GCaMP6f_F1,FCV,1,paraffin,0.0014883712,26,0.0022562008697139314
230914_FCV_GCaMP6f_F1,FCV,2,paraffin,0.0015678278,62,0.004227839450924756
230914_FCV_GCaMP6f_F2,FCV,1,paraffin,0.0023003677,26,0.0037152426031898302
230914_FCV_GCaMP6f_F2,FCV,2,paraffin,0.0018967261,62,0.0059491853526087105
230914_FCV_GCaMP6f_F3,FCV,1,paraffin,0.0027270296,26,0.003811271872456784
230914_FCV_GCaMP6f_F3,FCV,2,paraffin,0.0028277424,62,0.006282252878582331
230915_FCV_GCaMP6f_F1,FCV,1,paraffin,0.0016132477,26,0.002406081166784976
230915_FCV_GCaMP6f_F1,FCV,2,paraffin,0.0020001375,62,0.005188610465033965
230913_ORL_GCaMP6f_F1,ORL,1,sulcatone-2,0.003366873,27,0.003985785553544795
230913_ORL_GCaMP6f_F1,ORL,2,sulcatone-2,0.0036141358,63,0.0053580642772822805
230913_ORL_GCaMP6f_F2,ORL,1,sulcatone-2,0.010084452,27,0.010698005602488622
230913_ORL_GCaMP6f_F2,ORL,2,sulcatone-2,0.006665913,63,0.007650870471545012
230914_ORL_GCaMP6f_F1,ORL,1,sulcatone-2,0.0136444755,27,0.01332590272445314
230914_ORL_GCaMP6f_F1,ORL,2,sulcatone-2,0.014861413,63,0.01406434852865442
230914_ORL_GCaMP6f_F2,ORL,1,sulcatone-2,0.017533457,27,0.021650929450859155
230914_ORL_GCaMP6f_F2,ORL,2,sulcatone-2,0.01369284,63,0.022399991255453427
230915_ORL_GCaMP6f_F1,ORL,1,sulcatone-2,0.011458409,27,0.015035459393815875
230915_ORL_GCaMP6f_F1,ORL,2,sulcatone-2,0.00653103,63,0.012311110709895311
230913_U52_GCaMP6f_F2,U52,1,sulcatone-2,0.004770663,27,0.009481075782091251
230913_U52_GCaMP6f_F2,U52,2,sulcatone-2,0.0010719422,63,0.005322987166762411
230913_U52_GCaMP6f_F3,U52,1,sulcatone-2,0.0071791043,27,0.009076939950671372
230913_U52_GCaMP6f_F3,U52,2,sulcatone-2,0.0068316734,63,0.011809238523836064
230914_U52_GCaMP6f_F1,U52,1,sulcatone-2,0.009738501,27,0.018244017250140295
230914_U52_GCaMP6f_F1,U52,2,sulcatone-2,0.0036816006,63,0.015928303216412226
230914_U52_GCaMP6f_F2,U52,1,sulcatone-2,0.0043952875,27,0.008123677487859733
230914_U52_GCaMP6f_F2,U52,2,sulcatone-2,0.0017093201,63,0.007165986171266173
230915_U52_GCaMP6f_F2,U52,1,sulcatone-2,0.012966821,27,0.01721694140040028
230915_U52_GCaMP6f_F2,U52,2,sulcatone-2,0.009564664,63,0.01853341787547031
230914_FCV_GCaMP6f_F1,FCV,1,sulcatone-2,0.008269624,27,0.012737992236379224
230914_FCV_GCaMP6f_F1,FCV,2,sulcatone-2,0.0047499673,63,0.013015458075746897
230914_FCV_GCaMP6f_F2,FCV,1,sulcatone-2,0.0042375387,27,0.006971253880802554
230914_FCV_GCaMP6f_F2,FCV,2,sulcatone-2,0.0025710473,63,0.00821429414935297
230914_FCV_GCaMP6f_F3,FCV,1,sulcatone-2,0.0048603266,27,0.006880770502386228
230914_FCV_GCaMP6f_F3,FCV,2,sulcatone-2,0.003451592,63,0.007767594854171208
230915_FCV_GCaMP6f_F1,FCV,1,sulcatone-2,0.0033914426,27,0.005136543469982741
230915_FCV_GCaMP6f_F1,FCV,2,sulcatone-2,0.0027440302,63,0.007228653028007868
230913_ORL_GCaMP6f_F1,ORL,1,sulcatone-3,0.0015279201,28,0.0018201290384109751
230913_ORL_GCaMP6f_F1,ORL,2,sulcatone-3,0.0016741094,64,0.002497477749473407
230913_ORL_GCaMP6f_F2,ORL,1,sulcatone-3,0.00222987,28,0.002370719007451667
230913_ORL_GCaMP6f_F2,ORL,2,sulcatone-3,0.0020414102,64,0.0023481806657798887
230914_ORL_GCaMP6f_F1,ORL,1,sulcatone-3,0.0055174357,28,0.0053839010048159115
230914_ORL_GCaMP6f_F1,ORL,2,sulcatone-3,0.0054733236,64,0.005175241667192503
230914_ORL_GCaMP6f_F2,ORL,1,sulcatone-3,0.0070174453,28,0.008733351780998677
230914_ORL_GCaMP6f_F2,ORL,2,sulcatone-3,0.0053752265,64,0.008862250265380999
230915_ORL_GCaMP6f_F1,ORL,1,sulcatone-3,0.0028476773,28,0.003774446236209117
230915_ORL_GCaMP6f_F1,ORL,2,sulcatone-3,0.0018844903,64,0.003588224049828714
230913_U52_GCaMP6f_F2,U52,1,sulcatone-3,0.003111846,28,0.006343724897757561
230913_U52_GCaMP6f_F2,U52,2,sulcatone-3,0.0012375962,64,0.006303915509677331
230913_U52_GCaMP6f_F3,U52,1,sulcatone-3,0.0031846166,28,0.004061619984587906
230913_U52_GCaMP6f_F3,U52,2,sulcatone-3,0.0017857099,64,0.003113713418807736
230914_U52_GCaMP6f_F1,U52,1,sulcatone-3,0.0035407892,28,0.006789312198204828
230914_U52_GCaMP6f_F1,U52,2,sulcatone-3,0.0029365506,64,0.013003722039717057
230914_U52_GCaMP6f_F2,U52,1,sulcatone-3,0.001382154,28,0.0026133767310972545
230914_U52_GCaMP6f_F2,U52,2,sulcatone-3,0.0011166409,64,0.0047890160954504445
230915_U52_GCaMP6f_F2,U52,1,sulcatone-3,0.006826138,28,0.009159202092609453
230915_U52_GCaMP6f_F2,U52,2,sulcatone-3,0.0039612264,64,0.00775667431198075
230914_FCV_GCaMP6f_F1,FCV,1,sulcatone-3,0.0031703706,28,0.004962196520446273
230914_FCV_GCaMP6f_F1,FCV,2,sulcatone-3,0.0009715313,64,0.0027050440789756726
230914_FCV_GCaMP6f_F2,FCV,1,sulcatone-3,0.0032765265,28,0.005490579839630683
230914_FCV_GCaMP6f_F2,FCV,2,sulcatone-3,0.0011914339,64,0.0038773717486082345
230914_FCV_GCaMP6f_F3,FCV,1,sulcatone-3,0.002509598,28,0.0035988796221478898
230914_FCV_GCaMP6f_F3,FCV,2,sulcatone-3,0.0027335822,64,0.0062314740517988975
230915_FCV_GCaMP6f_F1,FCV,1,sulcatone-3,0.0022127149,28,0.0034032138090660823
230915_FCV_GCaMP6f_F1,FCV,2,sulcatone-3,0.001543364,64,0.0041287076884570185
230913_ORL_GCaMP6f_F1,ORL,1,phenol,0.004050782,29,0.004855732418183217
230913_ORL_GCaMP6f_F1,ORL,2,phenol,0.0037544032,65,0.005636026736089417
230913_ORL_GCaMP6f_F2,ORL,1,phenol,0.0036744387,29,0.003915088311114747
230913_ORL_GCaMP6f_F2,ORL,2,phenol,0.004462752,65,0.005144628270785314
230914_ORL_GCaMP6f_F1,ORL,1,phenol,0.004144342,29,0.004040502358917389
230914_ORL_GCaMP6f_F1,ORL,2,phenol,0.0051412624,65,0.004857013060785854
230914_ORL_GCaMP6f_F2,ORL,1,phenol,0.003780468,29,0.0047417691833064384
230914_ORL_GCaMP6f_F2,ORL,2,phenol,0.0035378623,65,0.005878697211467047
230915_ORL_GCaMP6f_F1,ORL,1,phenol,0.0025358736,29,0.003395159338051669
230915_ORL_GCaMP6f_F1,ORL,2,phenol,0.0010025885,65,0.0019283171038278993
230913_U52_GCaMP6f_F2,U52,1,phenol,0.00044149093,29,0.0009231991510974937
230913_U52_GCaMP6f_F2,U52,2,phenol,0.0009050947,65,0.004729038004598317
230913_U52_GCaMP6f_F3,U52,1,phenol,0.0018279294,29,0.0023516597391495778
230913_U52_GCaMP6f_F3,U52,2,phenol,0.0023087559,65,0.004060866230098862
230914_U52_GCaMP6f_F1,U52,1,phenol,0.0014494389,29,0.0028446115373534043
230914_U52_GCaMP6f_F1,U52,2,phenol,0.000611865,65,0.0027732124874025464
230914_U52_GCaMP6f_F2,U52,1,phenol,0.0010583745,29,0.002047222999795585
230914_U52_GCaMP6f_F2,U52,2,phenol,0.0013898,65,0.006097689030247985
230915_U52_GCaMP6f_F2,U52,1,phenol,0.0015664501,29,0.0021240230945271934
230915_U52_GCaMP6f_F2,U52,2,phenol,0.0015362436,65,0.003039947409922273
230914_FCV_GCaMP6f_F1,FCV,1,phenol,0.0012394869,29,0.0019713084373195163
230914_FCV_GCaMP6f_F1,FCV,2,phenol,0.001029215,65,0.002911872589425842
230914_FCV_GCaMP6f_F2,FCV,1,phenol,0.0017903291,29,0.003055939144637543
230914_FCV_GCaMP6f_F2,FCV,2,phenol,0.0012607034,65,0.00417914767049966
230914_FCV_GCaMP6f_F3,FCV,1,phenol,0.002926487,29,0.004251099806983722
230914_FCV_GCaMP6f_F3,FCV,2,phenol,0.002563352,65,0.005919137685230115
230915_FCV_GCaMP6f_F1,FCV,1,phenol,0.0021325995,29,0.0033308137987562176
230915_FCV_GCaMP6f_F1,FCV,2,phenol,0.0015566092,65,0.004228658764562315
230913_ORL_GCaMP6f_F1,ORL,1,benzaldehyde,0.0046687555,30,0.005631594111250573
230913_ORL_GCaMP6f_F1,ORL,2,benzaldehyde,0.0032383325,66,0.004891791209015058
230913_ORL_GCaMP6f_F2,ORL,1,benzaldehyde,0.005002323,30,0.005341611596516228
230913_ORL_GCaMP6f_F2,ORL,2,benzaldehyde,0.0034357288,66,0.003969356822069124
230914_ORL_GCaMP6f_F1,ORL,1,benzaldehyde,0.00766626,30,0.007467638980935565
230914_ORL_GCaMP6f_F1,ORL,2,benzaldehyde,0.008444939,66,0.007971058759071893
230914_ORL_GCaMP6f_F2,ORL,1,benzaldehyde,0.006648218,30,0.008404135018486653
230914_ORL_GCaMP6f_F2,ORL,2,benzaldehyde,0.006818117,66,0.01141819726459852
230915_ORL_GCaMP6f_F1,ORL,1,benzaldehyde,0.002797461,30,0.003783264344230922
230915_ORL_GCaMP6f_F1,ORL,2,benzaldehyde,0.0015459597,66,0.0030034747924722015
230913_U52_GCaMP6f_F2,U52,1,benzaldehyde,0.0016537539,30,0.0035472504941873205
230913_U52_GCaMP6f_F2,U52,2,benzaldehyde,0.00039280686,66,0.0021052574458111837
230913_U52_GCaMP6f_F3,U52,1,benzaldehyde,0.003860953,30,0.005010516703429418
230913_U52_GCaMP6f_F3,U52,2,benzaldehyde,0.0031478617,66,0.0055850779917926705
230914_U52_GCaMP6f_F1,U52,1,benzaldehyde,0.0023923528,30,0.004805577953387654
230914_U52_GCaMP6f_F1,U52,2,benzaldehyde,0.00093846826,66,0.004353559370218735
230914_U52_GCaMP6f_F2,U52,1,benzaldehyde,0.0036292316,30,0.0071815909940507305
230914_U52_GCaMP6f_F2,U52,2,benzaldehyde,0.0010011191,66,0.004493439635436864
230915_U52_GCaMP6f_F2,U52,1,benzaldehyde,0.005420737,30,0.007427815346499097
230915_U52_GCaMP6f_F2,U52,2,benzaldehyde,0.0055432557,66,0.011084879801117073
230914_FCV_GCaMP6f_F1,FCV,1,benzaldehyde,0.0031930127,30,0.005160146090346818
230914_FCV_GCaMP6f_F1,FCV,2,benzaldehyde,0.0005725051,66,0.0016458654654888049
230914_FCV_GCaMP6f_F2,FCV,1,benzaldehyde,0.0020745997,30,0.0036070606611892605
230914_FCV_GCaMP6f_F2,FCV,2,benzaldehyde,0.0017310547,66,0.005845112698542248
230914_FCV_GCaMP6f_F3,FCV,1,benzaldehyde,0.004325597,30,0.00636491046755225
230914_FCV_GCaMP6f_F3,FCV,2,benzaldehyde,0.0039751227,66,0.009298058505859536
230915_FCV_GCaMP6f_F1,FCV,1,benzaldehyde,0.0020239982,30,0.0032101731037722883
230915_FCV_GCaMP6f_F1,FCV,2,benzaldehyde,0.0015574365,66,0.0042964590228065916
230913_ORL_GCaMP6f_F1,ORL,1,oxoisophorone,0.01214441,31,0.014740797379663278
230913_ORL_GCaMP6f_F1,ORL,2,oxoisophorone,0.00975473,67,0.01482777773424233
230913_ORL_GCaMP6f_F2,ORL,1,oxoisophorone,0.01847631,31,0.019772693525074898
230913_ORL_GCaMP6f_F2,ORL,2,oxoisophorone,0.018094601,67,0.020950784804094146
230914_ORL_GCaMP6f_F1,ORL,1,oxoisophorone,0.018669307,31,0.018169708484401664
230914_ORL_GCaMP6f_F1,ORL,2,oxoisophorone,0.019710125,67,0.01858783739066008
230914_ORL_GCaMP6f_F2,ORL,1,oxoisophorone,0.019138478,31,0.02438305352969574
230914_ORL_GCaMP6f_F2,ORL,2,oxoisophorone,0.015280063,67,0.025789989345463837
230915_ORL_GCaMP6f_F1,ORL,1,oxoisophorone,0.03240579,31,0.0442685552186628
230915_ORL_GCaMP6f_F1,ORL,2,oxoisophorone,0.023309447,67,0.045743340992099014
230913_U52_GCaMP6f_F2,U52,1,oxoisophorone,0.006787845,31,0.014934829159953105
230913_U52_GCaMP6f_F2,U52,2,oxoisophorone,0.0036279531,67,0.019945052247578157
230913_U52_GCaMP6f_F3,U52,1,oxoisophorone,0.010068528,31,0.013180349145573587
230913_U52_GCaMP6f_F3,U52,2,oxoisophorone,0.009506437,67,0.017013916862095156
230914_U52_GCaMP6f_F1,U52,1,oxoisophorone,0.011505266,31,0.023654534817630173
230914_U52_GCaMP6f_F1,U52,2,oxoisophorone,0.007405936,67,0.035164316787687305
230914_U52_GCaMP6f_F2,U52,1,oxoisophorone,0.013871744,31,0.028081302556663065
230914_U52_GCaMP6f_F2,U52,2,oxoisophorone,0.007706109,67,0.03538412916457826
230915_U52_GCaMP6f_F2,U52,1,oxoisophorone,0.015404201,31,0.021330548869407762
230915_U52_GCaMP6f_F2,U52,2,oxoisophorone,0.011302488,67,0.022840216836823
230914_FCV_GCaMP6f_F1,FCV,1,oxoisophorone,0.01965041,31,0.03226871558835627
230914_FCV_GCaMP6f_F1,FCV,2,oxoisophorone,0.008965954,67,0.026191489119502063
230914_FCV_GCaMP6f_F2,FCV,1,oxoisophorone,0.0054010414,31,0.009565417845977572
230914_FCV_GCaMP6f_F2,FCV,2,oxoisophorone,0.0063986494,67,0.022007855038691973
230914_FCV_GCaMP6f_F3,FCV,1,oxoisophorone,0.014640552,31,0.021822034424395353
230914_FCV_GCaMP6f_F3,FCV,2,oxoisophorone,0.0109482845,67,0.02594056026942948
230915_FCV_GCaMP6f_F1,FCV,1,oxoisophorone,0.011100151,31,0.01787822893218244
230915_FCV_GCaMP6f_F1,FCV,2,oxoisophorone,0.007382107,67,0.020680352588307933
230913_ORL_GCaMP6f_F1,ORL,1,2-ethylhexanol,0.003955512,32,0.004831273266735647
230913_ORL_GCaMP6f_F1,ORL,2,2-ethylhexanol,0.0030571737,68,0.004676223602766841
230913_ORL_GCaMP6f_F2,ORL,1,2-ethylhexanol,0.0060577313,32,0.006496966379089735
230913_ORL_GCaMP6f_F2,ORL,2,2-ethylhexanol,0.007852752,68,0.009112198802876947
230914_ORL_GCaMP6f_F1,ORL,1,2-ethylhexanol,0.010728604,32,0.010432369721617315
230914_ORL_GCaMP6f_F1,ORL,2,2-ethylhexanol,0.011264665,68,0.010613967637001433
230914_ORL_GCaMP6f_F2,ORL,1,2-ethylhexanol,0.0121991625,32,0.015664034712303966
230914_ORL_GCaMP6f_F2,ORL,2,2-ethylhexanol,0.009929539,68,0.01689071481993846
230915_ORL_GCaMP6f_F1,ORL,1,2-ethylhexanol,0.0073822355,32,0.01018663437898113
230915_ORL_GCaMP6f_F1,ORL,2,2-ethylhexanol,0.0050712996,68,0.010052758918816341
230913_U52_GCaMP6f_F2,U52,1,2-ethylhexanol,0.0036515102,32,0.008241157731492572
230913_U52_GCaMP6f_F2,U52,2,2-ethylhexanol,0.0004909279,68,0.0027684621758259026
230913_U52_GCaMP6f_F3,U52,1,2-ethylhexanol,0.0046732603,32,0.006170975722115236
230913_U52_GCaMP6f_F3,U52,2,2-ethylhexanol,0.0048007234,68,0.008666947172539203
230914_U52_GCaMP6f_F1,U52,1,2-ethylhexanol,0.005754146,32,0.012108656844137443
230914_U52_GCaMP6f_F1,U52,2,2-ethylhexanol,0.0026716944,68,0.012983935699025145
230914_U52_GCaMP6f_F2,U52,1,2-ethylhexanol,0.0044055628,32,0.009123632407918933
230914_U52_GCaMP6f_F2,U52,2,2-ethylhexanol,0.0026373276,68,0.012388469137809117
230915_U52_GCaMP6f_F2,U52,1,2-ethylhexanol,0.0076884353,32,0.010758727555023932
230915_U52_GCaMP6f_F2,U52,2,2-ethylhexanol,0.0066368775,68,0.013553456361931879
230914_FCV_GCaMP6f_F1,FCV,1,2-ethylhexanol,0.00749365,32,0.012504092556598118
230914_FCV_GCaMP6f_F1,FCV,2,2-ethylhexanol,0.003220038,68,0.009558140126783451
230914_FCV_GCaMP6f_F2,FCV,1,2-ethylhexanol,0.0033729959,32,0.00608484552878447
230914_FCV_GCaMP6f_F2,FCV,2,2-ethylhexanol,0.0028376137,68,0.009941455638872275
230914_FCV_GCaMP6f_F3,FCV,1,2-ethylhexanol,0.004147018,32,0.006261310584475158
230914_FCV_GCaMP6f_F3,FCV,2,2-ethylhexanol,0.0038811371,68,0.009315020247629431
230915_FCV_GCaMP6f_F1,FCV,1,2-ethylhexanol,0.0037343288,32,0.0061078088811707615
230915_FCV_GCaMP6f_F1,FCV,2,2-ethylhexanol,0.0026094231,68,0.007423340532626206
230913_ORL_GCaMP6f_F1,ORL,1,hexanoic acid,0.003557963,33,0.00437295153718772
230913_ORL_GCaMP6f_F1,ORL,2,hexanoic acid,0.0010248602,69,0.001577444626953603
230913_ORL_GCaMP6f_F2,ORL,1,hexanoic acid,0.002985976,33,0.00320949678988098
230913_ORL_GCaMP6f_F2,ORL,2,hexanoic acid,0.0033069244,69,0.003845701661864064
230914_ORL_GCaMP6f_F1,ORL,1,hexanoic acid,0.0057273675,33,0.005564354588404774
230914_ORL_GCaMP6f_F1,ORL,2,hexanoic acid,0.005420589,69,0.005103004485804865
230914_ORL_GCaMP6f_F2,ORL,1,hexanoic acid,0.0031208012,33,0.004038616826718344
230914_ORL_GCaMP6f_F2,ORL,2,hexanoic acid,0.002225834,69,0.003815967271304614
230915_ORL_GCaMP6f_F1,ORL,1,hexanoic acid,0.0015510522,33,0.0021619185376277983
230915_ORL_GCaMP6f_F1,ORL,2,hexanoic acid,0.0009161818,69,0.0018345001335545923
230913_U52_GCaMP6f_F2,U52,1,hexanoic acid,0.0009038169,33,0.0020923943173277674
230913_U52_GCaMP6f_F2,U52,2,hexanoic acid,0.0004263093,69,0.0024659998900946243
230913_U52_GCaMP6f_F3,U52,1,hexanoic acid,0.0030909877,33,0.004117220022721311
230913_U52_GCaMP6f_F3,U52,2,hexanoic acid,0.0022452842,69,0.004088873914468937
230914_U52_GCaMP6f_F1,U52,1,hexanoic acid,0.0032386445,33,0.006975506057122006
230914_U52_GCaMP6f_F1,U52,2,hexanoic acid,0.00090603053,69,0.004506711472701766
230914_U52_GCaMP6f_F2,U52,1,hexanoic acid,0.0020528755,33,0.004349198143305002
230914_U52_GCaMP6f_F2,U52,2,hexanoic acid,0.0016032461,69,0.0077043136515493535
230915_U52_GCaMP6f_F2,U52,1,hexanoic acid,0.0038484216,33,0.005442089520821833
230915_U52_GCaMP6f_F2,U52,2,hexanoic acid,0.0013983321,69,0.002885736545901301
230914_FCV_GCaMP6f_F1,FCV,1,hexanoic acid,0.0034610096,33,0.005868272740025159
230914_FCV_GCaMP6f_F1,FCV,2,hexanoic acid,0.002417932,69,0.007292982827775418
230914_FCV_GCaMP6f_F2,FCV,1,hexanoic acid,0.0020676898,33,0.0037994998718328186
230914_FCV_GCaMP6f_F2,FCV,2,hexanoic acid,0.0025755926,69,0.009191389699169349
230914_FCV_GCaMP6f_F3,FCV,1,hexanoic acid,0.0036402373,33,0.005567376133867613
230914_FCV_GCaMP6f_F3,FCV,2,hexanoic acid,0.0029923797,69,0.007275001048204773
230915_FCV_GCaMP6f_F1,FCV,1,hexanoic acid,0.002621577,33,0.004354244189109174
230915_FCV_GCaMP6f_F1,FCV,2,hexanoic acid,0.0020370008,69,0.005884686863166107
230913_ORL_GCaMP6f_F1,ORL,1,camphor,0.009764018,34,0.01207580659464148
230913_ORL_GCaMP6f_F1,ORL,2,camphor,0.0068955664,70,0.010680062166563484
230913_ORL_GCaMP6f_F2,ORL,1,camphor,0.012942236,34,0.013941514891082075
230913_ORL_GCaMP6f_F2,ORL,2,camphor,0.011308082,70,0.013179237720289266
230914_ORL_GCaMP6f_F1,ORL,1,camphor,0.012768796,34,0.012394519289517974
230914_ORL_GCaMP6f_F1,ORL,2,camphor,0.012191138,70,0.011466838881627417
230914_ORL_GCaMP6f_F2,ORL,1,camphor,0.011873763,34,0.015486306410718608
230914_ORL_GCaMP6f_F2,ORL,2,camphor,0.01039383,70,0.017958927783883718
230915_ORL_GCaMP6f_F1,ORL,1,camphor,0.016842805,34,0.02371359619204127
230915_ORL_GCaMP6f_F1,ORL,2,camphor,0.010768233,70,0.021779636132217253
230913_U52_GCaMP6f_F2,U52,1,camphor,0.0037687083,34,0.008949586380553334
230913_U52_GCaMP6f_F2,U52,2,camphor,0.0010812475,70,0.006415650957012959
230913_U52_GCaMP6f_F3,U52,1,camphor,0.00570719,34,0.00766835241607312
230913_U52_GCaMP6f_F3,U52,2,camphor,0.0047772015,70,0.008775641874812747
230914_U52_GCaMP6f_F1,U52,1,camphor,0.006141422,34,0.013538754972353422
230914_U52_GCaMP6f_F1,U52,2,camphor,0.0034203068,70,0.017413229869766206
230914_U52_GCaMP6f_F2,U52,1,camphor,0.0074188635,34,0.0160791898228778
230914_U52_GCaMP6f_F2,U52,2,camphor,0.0037482106,70,0.018426291908456592
230915_U52_GCaMP6f_F2,U52,1,camphor,0.011004849,34,0.015726323963325572
230915_U52_GCaMP6f_F2,U52,2,camphor,0.009429561,70,0.019665179662727704
230914_FCV_GCaMP6f_F1,FCV,1,camphor,0.013131242,34,0.022623615093540883
230914_FCV_GCaMP6f_F1,FCV,2,camphor,0.010036888,70,0.030761598374781114
230914_FCV_GCaMP6f_F2,FCV,1,camphor,0.0030897593,34,0.0057832637817116644
230914_FCV_GCaMP6f_F2,FCV,2,camphor,0.0030572177,70,0.011113162915304089
230914_FCV_GCaMP6f_F3,FCV,1,camphor,0.008335088,34,0.012912864648850594
230914_FCV_GCaMP6f_F3,FCV,2,camphor,0.0063443906,70,0.015624200907967319
230915_FCV_GCaMP6f_F1,FCV,1,camphor,0.004929739,34,0.008314791569108844
230915_FCV_GCaMP6f_F1,FCV,2,camphor,0.004591917,70,0.013471112580642874
230913_ORL_GCaMP6f_F1,ORL,1,1-octen-3-ol,0.000643658,35,0.0008010453235245088
230913_ORL_GCaMP6f_F1,ORL,2,1-octen-3-ol,0.0010491702,71,0.0016351745646414166
230913_ORL_GCaMP6f_F2,ORL,1,1-octen-3-ol,0.0015332602,35,0.0016552611948486124
230913_ORL_GCaMP6f_F2,ORL,2,1-octen-3-ol,0.0029567278,71,0.0034535258126956784
230914_ORL_GCaMP6f_F1,ORL,1,1-octen-3-ol,0.0045304555,35,0.0043938133132490126
230914_ORL_GCaMP6f_F1,ORL,2,1-octen-3-ol,0.0049421787,71,0.004644488586233564
230914_ORL_GCaMP6f_F2,ORL,1,1-octen-3-ol,0.0028529752,35,0.0037501651521627895
230914_ORL_GCaMP6f_F2,ORL,2,1-octen-3-ol,0.0029095563,71,0.0050666917778741955
230915_ORL_GCaMP6f_F1,ORL,1,1-octen-3-ol,0.0014564096,35,0.0020712695508995982
230915_ORL_GCaMP6f_F1,ORL,2,1-octen-3-ol,0.0007769869,71,0.0015874131022185556
230913_U52_GCaMP6f_F2,U52,1,1-octen-3-ol,0.001375564,35,0.003350723621186018
230913_U52_GCaMP6f_F2,U52,2,1-octen-3-ol,0.00024149015,71,0.0014698140651957779
230913_U52_GCaMP6f_F3,U52,1,1-octen-3-ol,0.00088382344,35,0.0011978934252782195
230913_U52_GCaMP6f_F3,U52,2,1-octen-3-ol,0.0019359884,71,0.003587410012333008
230914_U52_GCaMP6f_F1,U52,1,1-octen-3-ol,0.003294766,35,0.007434156687070464
230914_U52_GCaMP6f_F1,U52,2,1-octen-3-ol,0.0023531974,71,0.012262244626747873
230914_U52_GCaMP6f_F2,U52,1,1-octen-3-ol,0.0035564369,35,0.007885370228813374
230914_U52_GCaMP6f_F2,U52,2,1-octen-3-ol,0.00093610614,71,0.004707813562674705
230915_U52_GCaMP6f_F2,U52,1,1-octen-3-ol,0.0045203203,35,0.006527884040925036
230915_U52_GCaMP6f_F2,U52,2,1-octen-3-ol,0.0021659485,71,0.004564725458668092
230914_FCV_GCaMP6f_F1,FCV,1,1-octen-3-ol,0.0013150541,35,0.0023022290492716395
230914_FCV_GCaMP6f_F1,FCV,2,1-octen-3-ol,0.0008274775,71,0.0025770018190968587
230914_FCV_GCaMP6f_F2,FCV,1,1-octen-3-ol,0.0019970404,35,0.0038075227643010246
230914_FCV_GCaMP6f_F2,FCV,2,1-octen-3-ol,0.00084279466,71,0.0031206164639548677
230914_FCV_GCaMP6f_F3,FCV,1,1-octen-3-ol,0.0024956355,35,0.003916382539519919
230914_FCV_GCaMP6f_F3,FCV,2,1-octen-3-ol,0.0020868024,71,0.005205719589898668
230915_FCV_GCaMP6f_F1,FCV,1,1-octen-3-ol,0.0017335167,35,0.0029691541663702586
230915_FCV_GCaMP6f_F1,FCV,2,1-octen-3-ol,0.0019719754,71,0.005874733994408091
