samp,subpop,trial,odor,value,odor_order
230913_ORL_GCaMP6f_F1,ORL,1,hexanal4.375,0.0013922097,0
230913_ORL_GCaMP6f_F1,ORL,2,hexanal4.375,0.0021275384,0
230913_ORL_GCaMP6f_F2,ORL,1,hexanal4.375,0.048644822,0
230913_ORL_GCaMP6f_F2,ORL,2,hexanal4.375,0.012560475,0
230914_ORL_GCaMP6f_F1,ORL,1,hexanal4.375,0.006902515,0
230914_ORL_GCaMP6f_F1,ORL,2,hexanal4.375,0.023154227,0
230914_ORL_GCaMP6f_F2,ORL,1,hexanal4.375,0.024258755,0
230914_ORL_GCaMP6f_F2,ORL,2,hexanal4.375,0.016229557,0
230915_ORL_GCaMP6f_F1,ORL,1,hexanal4.375,0.00049380073,0
230915_ORL_GCaMP6f_F1,ORL,2,hexanal4.375,0.006907897,0
230913_U52_GCaMP6f_F2,U52,1,hexanal4.375,0.0050445283,0
230913_U52_GCaMP6f_F2,U52,2,hexanal4.375,0.0014760644,0
230913_U52_GCaMP6f_F3,U52,1,hexanal4.375,0.0031967883,0
230913_U52_GCaMP6f_F3,U52,2,hexanal4.375,0.00838415,0
230914_U52_GCaMP6f_F1,U52,1,hexanal4.375,0.014177741,0
230914_U52_GCaMP6f_F1,U52,2,hexanal4.375,0.009662455,0
230914_U52_GCaMP6f_F2,U52,1,hexanal4.375,0.01652115,0
230914_U52_GCaMP6f_F2,U52,2,hexanal4.375,0.012534799,0
230915_U52_GCaMP6f_F2,U52,1,hexanal4.375,0.0012749739,0
230915_U52_GCaMP6f_F2,U52,2,hexanal4.375,0.011106992,0
230913_FCV_GCaMP6f_F1,FCV,1,hexanal4.375,0.0066331527,0
230913_FCV_GCaMP6f_F1,FCV,2,hexanal4.375,0.0012575975,0
230914_FCV_GCaMP6f_F1,FCV,1,hexanal4.375,0.006496819,0
230914_FCV_GCaMP6f_F1,FCV,2,hexanal4.375,0.015706241,0
230914_FCV_GCaMP6f_F2,FCV,1,hexanal4.375,0.040358286,0
230914_FCV_GCaMP6f_F2,FCV,2,hexanal4.375,0.011957171,0
230914_FCV_GCaMP6f_F3,FCV,1,hexanal4.375,0.08662441,0
230914_FCV_GCaMP6f_F3,FCV,2,hexanal4.375,0.026812533,0
230915_FCV_GCaMP6f_F1,FCV,1,hexanal4.375,0.00854364,0
230915_FCV_GCaMP6f_F1,FCV,2,hexanal4.375,0.00767418,0
230913_ORL_GCaMP6f_F1,ORL,1,hexanal4.03,0.028625606,1
230913_ORL_GCaMP6f_F1,ORL,2,hexanal4.03,0.0063696755,1
230913_ORL_GCaMP6f_F2,ORL,1,hexanal4.03,0.021719411,1
230913_ORL_GCaMP6f_F2,ORL,2,hexanal4.03,0.008244058,1
230914_ORL_GCaMP6f_F1,ORL,1,hexanal4.03,0.0017413466,1
230914_ORL_GCaMP6f_F1,ORL,2,hexanal4.03,0.0168511,1
230914_ORL_GCaMP6f_F2,ORL,1,hexanal4.03,0.0130193215,1
230914_ORL_GCaMP6f_F2,ORL,2,hexanal4.03,0.012379176,1
230915_ORL_GCaMP6f_F1,ORL,1,hexanal4.03,0.001981888,1
230915_ORL_GCaMP6f_F1,ORL,2,hexanal4.03,0.0046171825,1
230913_U52_GCaMP6f_F2,U52,1,hexanal4.03,0.00038279835,1
230913_U52_GCaMP6f_F2,U52,2,hexanal4.03,0.00014759594,1
230913_U52_GCaMP6f_F3,U52,1,hexanal4.03,0.0028521582,1
230913_U52_GCaMP6f_F3,U52,2,hexanal4.03,0.0019093251,1
230914_U52_GCaMP6f_F1,U52,1,hexanal4.03,0.0025577487,1
230914_U52_GCaMP6f_F1,U52,2,hexanal4.03,0.0129371565,1
230914_U52_GCaMP6f_F2,U52,1,hexanal4.03,0.021865554,1
230914_U52_GCaMP6f_F2,U52,2,hexanal4.03,0.008354648,1
230915_U52_GCaMP6f_F2,U52,1,hexanal4.03,0.004403697,1
230915_U52_GCaMP6f_F2,U52,2,hexanal4.03,0.010419516,1
230913_FCV_GCaMP6f_F1,FCV,1,hexanal4.03,0.0055789812,1
230913_FCV_GCaMP6f_F1,FCV,2,hexanal4.03,0.0034450204,1
230914_FCV_GCaMP6f_F1,FCV,1,hexanal4.03,0.017962286,1
230914_FCV_GCaMP6f_F1,FCV,2,hexanal4.03,0.016564665,1
230914_FCV_GCaMP6f_F2,FCV,1,hexanal4.03,0.027274882,1
230914_FCV_GCaMP6f_F2,FCV,2,hexanal4.03,0.015017087,1
230914_FCV_GCaMP6f_F3,FCV,1,hexanal4.03,0.016503956,1
230914_FCV_GCaMP6f_F3,FCV,2,hexanal4.03,0.024468835,1
230915_FCV_GCaMP6f_F1,FCV,1,hexanal4.03,0.005022451,1
230915_FCV_GCaMP6f_F1,FCV,2,hexanal4.03,0.008920111,1
230913_ORL_GCaMP6f_F1,ORL,1,hexanal2.825,0.049861144,2
230913_ORL_GCaMP6f_F1,ORL,2,hexanal2.825,0.01665882,2
230913_ORL_GCaMP6f_F2,ORL,1,hexanal2.825,0.0023398376,2
230913_ORL_GCaMP6f_F2,ORL,2,hexanal2.825,0.05200306,2
230914_ORL_GCaMP6f_F1,ORL,1,hexanal2.825,0.026595483,2
230914_ORL_GCaMP6f_F1,ORL,2,hexanal2.825,0.0188035,2
230914_ORL_GCaMP6f_F2,ORL,1,hexanal2.825,0.03182079,2
230914_ORL_GCaMP6f_F2,ORL,2,hexanal2.825,0.0069760983,2
230915_ORL_GCaMP6f_F1,ORL,1,hexanal2.825,0.0037340226,2
230915_ORL_GCaMP6f_F1,ORL,2,hexanal2.825,0.0024642686,2
230913_U52_GCaMP6f_F2,U52,1,hexanal2.825,0.000598926,2
230913_U52_GCaMP6f_F2,U52,2,hexanal2.825,0.027650112,2
230913_U52_GCaMP6f_F3,U52,1,hexanal2.825,0.0035020774,2
230913_U52_GCaMP6f_F3,U52,2,hexanal2.825,0.0013621147,2
230914_U52_GCaMP6f_F1,U52,1,hexanal2.825,0.006585814,2
230914_U52_GCaMP6f_F1,U52,2,hexanal2.825,0.013078141,2
230914_U52_GCaMP6f_F2,U52,1,hexanal2.825,0.045660827,2
230914_U52_GCaMP6f_F2,U52,2,hexanal2.825,0.00711832,2
230915_U52_GCaMP6f_F2,U52,1,hexanal2.825,0.005701051,2
230915_U52_GCaMP6f_F2,U52,2,hexanal2.825,0.014385719,2
230913_FCV_GCaMP6f_F1,FCV,1,hexanal2.825,0.0056135217,2
230913_FCV_GCaMP6f_F1,FCV,2,hexanal2.825,0.0009591282,2
230914_FCV_GCaMP6f_F1,FCV,1,hexanal2.825,0.004543218,2
230914_FCV_GCaMP6f_F1,FCV,2,hexanal2.825,0.0,2
230914_FCV_GCaMP6f_F2,FCV,1,hexanal2.825,0.008547848,2
230914_FCV_GCaMP6f_F2,FCV,2,hexanal2.825,0.004030563,2
230914_FCV_GCaMP6f_F3,FCV,1,hexanal2.825,0.053426564,2
230914_FCV_GCaMP6f_F3,FCV,2,hexanal2.825,0.018306201,2
230915_FCV_GCaMP6f_F1,FCV,1,hexanal2.825,0.0042146742,2
230915_FCV_GCaMP6f_F1,FCV,2,hexanal2.825,0.007305761,2
230913_ORL_GCaMP6f_F1,ORL,1,heptanal4.51,0.0,3
230913_ORL_GCaMP6f_F1,ORL,2,heptanal4.51,0.017383868,3
230913_ORL_GCaMP6f_F2,ORL,1,heptanal4.51,0.015861807,3
230913_ORL_GCaMP6f_F2,ORL,2,heptanal4.51,0.017619142,3
230914_ORL_GCaMP6f_F1,ORL,1,heptanal4.51,0.08931828,3
230914_ORL_GCaMP6f_F1,ORL,2,heptanal4.51,0.12194934,3
230914_ORL_GCaMP6f_F2,ORL,1,heptanal4.51,0.03951415,3
230914_ORL_GCaMP6f_F2,ORL,2,heptanal4.51,0.040249318,3
230915_ORL_GCaMP6f_F1,ORL,1,heptanal4.51,0.016510872,3
230915_ORL_GCaMP6f_F1,ORL,2,heptanal4.51,0.016570572,3
230913_U52_GCaMP6f_F2,U52,1,heptanal4.51,0.01397259,3
230913_U52_GCaMP6f_F2,U52,2,heptanal4.51,0.013095235,3
230913_U52_GCaMP6f_F3,U52,1,heptanal4.51,0.041035704,3
230913_U52_GCaMP6f_F3,U52,2,heptanal4.51,0.041357145,3
230914_U52_GCaMP6f_F1,U52,1,heptanal4.51,0.047776334,3
230914_U52_GCaMP6f_F1,U52,2,heptanal4.51,0.031520147,3
230914_U52_GCaMP6f_F2,U52,1,heptanal4.51,0.04175639,3
230914_U52_GCaMP6f_F2,U52,2,heptanal4.51,0.0102097215,3
230915_U52_GCaMP6f_F2,U52,1,heptanal4.51,0.029883854,3
230915_U52_GCaMP6f_F2,U52,2,heptanal4.51,0.016010229,3
230913_FCV_GCaMP6f_F1,FCV,1,heptanal4.51,0.013060724,3
230913_FCV_GCaMP6f_F1,FCV,2,heptanal4.51,0.008114384,3
230914_FCV_GCaMP6f_F1,FCV,1,heptanal4.51,0.06390349,3
230914_FCV_GCaMP6f_F1,FCV,2,heptanal4.51,0.04259371,3
230914_FCV_GCaMP6f_F2,FCV,1,heptanal4.51,0.07208195,3
230914_FCV_GCaMP6f_F2,FCV,2,heptanal4.51,0.028463118,3
230914_FCV_GCaMP6f_F3,FCV,1,heptanal4.51,0.11907547,3
230914_FCV_GCaMP6f_F3,FCV,2,heptanal4.51,0.05137212,3
230915_FCV_GCaMP6f_F1,FCV,1,heptanal4.51,0.05314032,3
230915_FCV_GCaMP6f_F1,FCV,2,heptanal4.51,0.020181125,3
230913_ORL_GCaMP6f_F1,ORL,1,heptanal4.065,0.01724188,4
230913_ORL_GCaMP6f_F1,ORL,2,heptanal4.065,0.021018201,4
230913_ORL_GCaMP6f_F2,ORL,1,heptanal4.065,0.0,4
230913_ORL_GCaMP6f_F2,ORL,2,heptanal4.065,0.021875588,4
230914_ORL_GCaMP6f_F1,ORL,1,heptanal4.065,0.044624902,4
230914_ORL_GCaMP6f_F1,ORL,2,heptanal4.065,0.0260768,4
230914_ORL_GCaMP6f_F2,ORL,1,heptanal4.065,0.008274697,4
230914_ORL_GCaMP6f_F2,ORL,2,heptanal4.065,0.010896677,4
230915_ORL_GCaMP6f_F1,ORL,1,heptanal4.065,0.0,4
230915_ORL_GCaMP6f_F1,ORL,2,heptanal4.065,0.0010523838,4
230913_U52_GCaMP6f_F2,U52,1,heptanal4.065,0.0025625797,4
230913_U52_GCaMP6f_F2,U52,2,heptanal4.065,0.01609894,4
230913_U52_GCaMP6f_F3,U52,1,heptanal4.065,0.009061075,4
230913_U52_GCaMP6f_F3,U52,2,heptanal4.065,0.002786445,4
230914_U52_GCaMP6f_F1,U52,1,heptanal4.065,0.028791754,4
230914_U52_GCaMP6f_F1,U52,2,heptanal4.065,0.014078452,4
230914_U52_GCaMP6f_F2,U52,1,heptanal4.065,0.013847216,4
230914_U52_GCaMP6f_F2,U52,2,heptanal4.065,0.03165378,4
230915_U52_GCaMP6f_F2,U52,1,heptanal4.065,0.030400509,4
230915_U52_GCaMP6f_F2,U52,2,heptanal4.065,0.011714476,4
230913_FCV_GCaMP6f_F1,FCV,1,heptanal4.065,0.006904582,4
230913_FCV_GCaMP6f_F1,FCV,2,heptanal4.065,0.0009001739,4
230914_FCV_GCaMP6f_F1,FCV,1,heptanal4.065,0.055325937,4
230914_FCV_GCaMP6f_F1,FCV,2,heptanal4.065,0.005225574,4
230914_FCV_GCaMP6f_F2,FCV,1,heptanal4.065,0.028219843,4
230914_FCV_GCaMP6f_F2,FCV,2,heptanal4.065,0.013025369,4
230914_FCV_GCaMP6f_F3,FCV,1,heptanal4.065,0.07372234,4
230914_FCV_GCaMP6f_F3,FCV,2,heptanal4.065,0.017486077,4
230915_FCV_GCaMP6f_F1,FCV,1,heptanal4.065,0.044653196,4
230915_FCV_GCaMP6f_F1,FCV,2,heptanal4.065,0.017861964,4
230913_ORL_GCaMP6f_F1,ORL,1,heptanal3.44,0.00036207793,5
230913_ORL_GCaMP6f_F1,ORL,2,heptanal3.44,0.007972551,5
230913_ORL_GCaMP6f_F2,ORL,1,heptanal3.44,0.0019253285,5
230913_ORL_GCaMP6f_F2,ORL,2,heptanal3.44,0.030291077,5
230914_ORL_GCaMP6f_F1,ORL,1,heptanal3.44,0.011402318,5
230914_ORL_GCaMP6f_F1,ORL,2,heptanal3.44,0.02778107,5
230914_ORL_GCaMP6f_F2,ORL,1,heptanal3.44,0.019412562,5
230914_ORL_GCaMP6f_F2,ORL,2,heptanal3.44,0.0085641425,5
230915_ORL_GCaMP6f_F1,ORL,1,heptanal3.44,0.0002502711,5
230915_ORL_GCaMP6f_F1,ORL,2,heptanal3.44,0.0005098546,5
230913_U52_GCaMP6f_F2,U52,1,heptanal3.44,0.0026977449,5
230913_U52_GCaMP6f_F2,U52,2,heptanal3.44,0.0016406261,5
230913_U52_GCaMP6f_F3,U52,1,heptanal3.44,0.0030683286,5
230913_U52_GCaMP6f_F3,U52,2,heptanal3.44,0.010722798,5
230914_U52_GCaMP6f_F1,U52,1,heptanal3.44,0.0041878754,5
230914_U52_GCaMP6f_F1,U52,2,heptanal3.44,0.0041525057,5
230914_U52_GCaMP6f_F2,U52,1,heptanal3.44,0.014062701,5
230914_U52_GCaMP6f_F2,U52,2,heptanal3.44,0.0016714601,5
230915_U52_GCaMP6f_F2,U52,1,heptanal3.44,0.002116336,5
230915_U52_GCaMP6f_F2,U52,2,heptanal3.44,0.0011664073,5
230913_FCV_GCaMP6f_F1,FCV,1,heptanal3.44,0.0007779926,5
230913_FCV_GCaMP6f_F1,FCV,2,heptanal3.44,0.006621225,5
230914_FCV_GCaMP6f_F1,FCV,1,heptanal3.44,0.0067271246,5
230914_FCV_GCaMP6f_F1,FCV,2,heptanal3.44,0.010582625,5
230914_FCV_GCaMP6f_F2,FCV,1,heptanal3.44,0.009638399,5
230914_FCV_GCaMP6f_F2,FCV,2,heptanal3.44,0.014264222,5
230914_FCV_GCaMP6f_F3,FCV,1,heptanal3.44,0.022087377,5
230914_FCV_GCaMP6f_F3,FCV,2,heptanal3.44,0.019223843,5
230915_FCV_GCaMP6f_F1,FCV,1,heptanal3.44,0.002842412,5
230915_FCV_GCaMP6f_F1,FCV,2,heptanal3.44,0.007724248,5
230913_ORL_GCaMP6f_F1,ORL,1,octanal4.58,0.02699688,6
230913_ORL_GCaMP6f_F1,ORL,2,octanal4.58,0.039402444,6
230913_ORL_GCaMP6f_F2,ORL,1,octanal4.58,0.09327229,6
230913_ORL_GCaMP6f_F2,ORL,2,octanal4.58,0.11553082,6
230914_ORL_GCaMP6f_F1,ORL,1,octanal4.58,0.22310807,6
230914_ORL_GCaMP6f_F1,ORL,2,octanal4.58,0.17639837,6
230914_ORL_GCaMP6f_F2,ORL,1,octanal4.58,0.24242604,6
230914_ORL_GCaMP6f_F2,ORL,2,octanal4.58,0.185418,6
230915_ORL_GCaMP6f_F1,ORL,1,octanal4.58,0.14507084,6
230915_ORL_GCaMP6f_F1,ORL,2,octanal4.58,0.11561008,6
230913_U52_GCaMP6f_F2,U52,1,octanal4.58,0.08968703,6
230913_U52_GCaMP6f_F2,U52,2,octanal4.58,0.04830899,6
230913_U52_GCaMP6f_F3,U52,1,octanal4.58,0.120819844,6
230913_U52_GCaMP6f_F3,U52,2,octanal4.58,0.046614457,6
230914_U52_GCaMP6f_F1,U52,1,octanal4.58,0.21801852,6
230914_U52_GCaMP6f_F1,U52,2,octanal4.58,0.08781707,6
230914_U52_GCaMP6f_F2,U52,1,octanal4.58,0.09115822,6
230914_U52_GCaMP6f_F2,U52,2,octanal4.58,0.028054789,6
230915_U52_GCaMP6f_F2,U52,1,octanal4.58,0.122892484,6
230915_U52_GCaMP6f_F2,U52,2,octanal4.58,0.07956545,6
230913_FCV_GCaMP6f_F1,FCV,1,octanal4.58,0.01022882,6
230913_FCV_GCaMP6f_F1,FCV,2,octanal4.58,0.010601692,6
230914_FCV_GCaMP6f_F1,FCV,1,octanal4.58,0.12399751,6
230914_FCV_GCaMP6f_F1,FCV,2,octanal4.58,0.09750161,6
230914_FCV_GCaMP6f_F2,FCV,1,octanal4.58,0.19825432,6
230914_FCV_GCaMP6f_F2,FCV,2,octanal4.58,0.05247062,6
230914_FCV_GCaMP6f_F3,FCV,1,octanal4.58,0.20563659,6
230914_FCV_GCaMP6f_F3,FCV,2,octanal4.58,0.092147514,6
230915_FCV_GCaMP6f_F1,FCV,1,octanal4.58,0.09834724,6
230915_FCV_GCaMP6f_F1,FCV,2,octanal4.58,0.03348945,6
230913_ORL_GCaMP6f_F1,ORL,1,octanal4.09,0.0017785789,7
230913_ORL_GCaMP6f_F1,ORL,2,octanal4.09,0.0037032643,7
230913_ORL_GCaMP6f_F2,ORL,1,octanal4.09,0.052890234,7
230913_ORL_GCaMP6f_F2,ORL,2,octanal4.09,0.036005765,7
230914_ORL_GCaMP6f_F1,ORL,1,octanal4.09,0.112323575,7
230914_ORL_GCaMP6f_F1,ORL,2,octanal4.09,0.10495683,7
230914_ORL_GCaMP6f_F2,ORL,1,octanal4.09,0.06905224,7
230914_ORL_GCaMP6f_F2,ORL,2,octanal4.09,0.055840593,7
230915_ORL_GCaMP6f_F1,ORL,1,octanal4.09,0.022477165,7
230915_ORL_GCaMP6f_F1,ORL,2,octanal4.09,0.008600955,7
230913_U52_GCaMP6f_F2,U52,1,octanal4.09,0.053795427,7
230913_U52_GCaMP6f_F2,U52,2,octanal4.09,0.020540671,7
230913_U52_GCaMP6f_F3,U52,1,octanal4.09,0.06981482,7
230913_U52_GCaMP6f_F3,U52,2,octanal4.09,0.022159403,7
230914_U52_GCaMP6f_F1,U52,1,octanal4.09,0.11585785,7
230914_U52_GCaMP6f_F1,U52,2,octanal4.09,0.037286885,7
230914_U52_GCaMP6f_F2,U52,1,octanal4.09,0.021881666,7
230914_U52_GCaMP6f_F2,U52,2,octanal4.09,0.010879308,7
230915_U52_GCaMP6f_F2,U52,1,octanal4.09,0.031472526,7
230915_U52_GCaMP6f_F2,U52,2,octanal4.09,0.037492294,7
230913_FCV_GCaMP6f_F1,FCV,1,octanal4.09,0.011986557,7
230913_FCV_GCaMP6f_F1,FCV,2,octanal4.09,0.008816046,7
230914_FCV_GCaMP6f_F1,FCV,1,octanal4.09,0.08060197,7
230914_FCV_GCaMP6f_F1,FCV,2,octanal4.09,0.044224594,7
230914_FCV_GCaMP6f_F2,FCV,1,octanal4.09,0.08241463,7
230914_FCV_GCaMP6f_F2,FCV,2,octanal4.09,0.026777403,7
230914_FCV_GCaMP6f_F3,FCV,1,octanal4.09,0.14328797,7
230914_FCV_GCaMP6f_F3,FCV,2,octanal4.09,0.057324577,7
230915_FCV_GCaMP6f_F1,FCV,1,octanal4.09,0.040247053,7
230915_FCV_GCaMP6f_F1,FCV,2,octanal4.09,0.024707358,7
230913_ORL_GCaMP6f_F1,ORL,1,octanal3.525,0.00023669864,8
230913_ORL_GCaMP6f_F1,ORL,2,octanal3.525,0.00228098,8
230913_ORL_GCaMP6f_F2,ORL,1,octanal3.525,0.011266938,8
230913_ORL_GCaMP6f_F2,ORL,2,octanal3.525,0.05104529,8
230914_ORL_GCaMP6f_F1,ORL,1,octanal3.525,0.026362889,8
230914_ORL_GCaMP6f_F1,ORL,2,octanal3.525,0.053559244,8
230914_ORL_GCaMP6f_F2,ORL,1,octanal3.525,0.02135042,8
230914_ORL_GCaMP6f_F2,ORL,2,octanal3.525,0.012224058,8
230915_ORL_GCaMP6f_F1,ORL,1,octanal3.525,0.01730806,8
230915_ORL_GCaMP6f_F1,ORL,2,octanal3.525,0.038286395,8
230913_U52_GCaMP6f_F2,U52,1,octanal3.525,0.013111023,8
230913_U52_GCaMP6f_F2,U52,2,octanal3.525,0.008779584,8
230913_U52_GCaMP6f_F3,U52,1,octanal3.525,0.020019574,8
230913_U52_GCaMP6f_F3,U52,2,octanal3.525,0.015101464,8
230914_U52_GCaMP6f_F1,U52,1,octanal3.525,0.045973297,8
230914_U52_GCaMP6f_F1,U52,2,octanal3.525,0.017135538,8
230914_U52_GCaMP6f_F2,U52,1,octanal3.525,0.0316049,8
230914_U52_GCaMP6f_F2,U52,2,octanal3.525,0.008794399,8
230915_U52_GCaMP6f_F2,U52,1,octanal3.525,0.0075729764,8
230915_U52_GCaMP6f_F2,U52,2,octanal3.525,0.0070522656,8
230913_FCV_GCaMP6f_F1,FCV,1,octanal3.525,0.0036641576,8
230913_FCV_GCaMP6f_F1,FCV,2,octanal3.525,0.00033055551,8
230914_FCV_GCaMP6f_F1,FCV,1,octanal3.525,0.04210218,8
230914_FCV_GCaMP6f_F1,FCV,2,octanal3.525,0.018597063,8
230914_FCV_GCaMP6f_F2,FCV,1,octanal3.525,0.040713504,8
230914_FCV_GCaMP6f_F2,FCV,2,octanal3.525,0.010232138,8
230914_FCV_GCaMP6f_F3,FCV,1,octanal3.525,0.07724128,8
230914_FCV_GCaMP6f_F3,FCV,2,octanal3.525,0.016864799,8
230915_FCV_GCaMP6f_F1,FCV,1,octanal3.525,0.06917905,8
230915_FCV_GCaMP6f_F1,FCV,2,octanal3.525,0.0018794287,8
230913_ORL_GCaMP6f_F1,ORL,1,octanal3.09,0.00044958526,9
230913_ORL_GCaMP6f_F1,ORL,2,octanal3.09,0.04860812,9
230913_ORL_GCaMP6f_F2,ORL,1,octanal3.09,0.009606606,9
230913_ORL_GCaMP6f_F2,ORL,2,octanal3.09,0.010074336,9
230914_ORL_GCaMP6f_F1,ORL,1,octanal3.09,0.02395682,9
230914_ORL_GCaMP6f_F1,ORL,2,octanal3.09,0.034800004,9
230914_ORL_GCaMP6f_F2,ORL,1,octanal3.09,0.024771472,9
230914_ORL_GCaMP6f_F2,ORL,2,octanal3.09,0.01855879,9
230915_ORL_GCaMP6f_F1,ORL,1,octanal3.09,0.0011401293,9
230915_ORL_GCaMP6f_F1,ORL,2,octanal3.09,0.0,9
230913_U52_GCaMP6f_F2,U52,1,octanal3.09,0.005106455,9
230913_U52_GCaMP6f_F2,U52,2,octanal3.09,0.007698577,9
230913_U52_GCaMP6f_F3,U52,1,octanal3.09,0.020180961,9
230913_U52_GCaMP6f_F3,U52,2,octanal3.09,0.026661724,9
230914_U52_GCaMP6f_F1,U52,1,octanal3.09,0.023367392,9
230914_U52_GCaMP6f_F1,U52,2,octanal3.09,0.0065296954,9
230914_U52_GCaMP6f_F2,U52,1,octanal3.09,0.012332616,9
230914_U52_GCaMP6f_F2,U52,2,octanal3.09,0.001603998,9
230915_U52_GCaMP6f_F2,U52,1,octanal3.09,0.01978498,9
230915_U52_GCaMP6f_F2,U52,2,octanal3.09,0.007570713,9
230913_FCV_GCaMP6f_F1,FCV,1,octanal3.09,0.001589619,9
230913_FCV_GCaMP6f_F1,FCV,2,octanal3.09,0.0009341226,9
230914_FCV_GCaMP6f_F1,FCV,1,octanal3.09,0.020875486,9
230914_FCV_GCaMP6f_F1,FCV,2,octanal3.09,0.018417854,9
230914_FCV_GCaMP6f_F2,FCV,1,octanal3.09,0.03434563,9
230914_FCV_GCaMP6f_F2,FCV,2,octanal3.09,0.009187536,9
230914_FCV_GCaMP6f_F3,FCV,1,octanal3.09,0.027473863,9
230914_FCV_GCaMP6f_F3,FCV,2,octanal3.09,0.016400537,9
230915_FCV_GCaMP6f_F1,FCV,1,octanal3.09,0.0062603513,9
230915_FCV_GCaMP6f_F1,FCV,2,octanal3.09,0.0056649493,9
230913_ORL_GCaMP6f_F1,ORL,1,octanal1.595,0.0540421,10
230913_ORL_GCaMP6f_F1,ORL,2,octanal1.595,0.013918796,10
230913_ORL_GCaMP6f_F2,ORL,1,octanal1.595,0.0021775228,10
230913_ORL_GCaMP6f_F2,ORL,2,octanal1.595,0.00045538257,10
230914_ORL_GCaMP6f_F1,ORL,1,octanal1.595,0.012343636,10
230914_ORL_GCaMP6f_F1,ORL,2,octanal1.595,0.0016641733,10
230914_ORL_GCaMP6f_F2,ORL,1,octanal1.595,0.04875835,10
230914_ORL_GCaMP6f_F2,ORL,2,octanal1.595,0.025250522,10
230915_ORL_GCaMP6f_F1,ORL,1,octanal1.595,0.0008551341,10
230915_ORL_GCaMP6f_F1,ORL,2,octanal1.595,0.0036061655,10
230913_U52_GCaMP6f_F2,U52,1,octanal1.595,0.0014059264,10
230913_U52_GCaMP6f_F2,U52,2,octanal1.595,0.0014254863,10
230913_U52_GCaMP6f_F3,U52,1,octanal1.595,0.05537326,10
230913_U52_GCaMP6f_F3,U52,2,octanal1.595,0.00520493,10
230914_U52_GCaMP6f_F1,U52,1,octanal1.595,0.012757167,10
230914_U52_GCaMP6f_F1,U52,2,octanal1.595,0.00042682543,10
230914_U52_GCaMP6f_F2,U52,1,octanal1.595,0.015423608,10
230914_U52_GCaMP6f_F2,U52,2,octanal1.595,0.0018981465,10
230915_U52_GCaMP6f_F2,U52,1,octanal1.595,0.06740169,10
230915_U52_GCaMP6f_F2,U52,2,octanal1.595,0.0084600495,10
230913_FCV_GCaMP6f_F1,FCV,1,octanal1.595,0.001617365,10
230913_FCV_GCaMP6f_F1,FCV,2,octanal1.595,0.0006545505,10
230914_FCV_GCaMP6f_F1,FCV,1,octanal1.595,0.014835801,10
230914_FCV_GCaMP6f_F1,FCV,2,octanal1.595,0.0007427069,10
230914_FCV_GCaMP6f_F2,FCV,1,octanal1.595,0.019003883,10
230914_FCV_GCaMP6f_F2,FCV,2,octanal1.595,0.019845156,10
230914_FCV_GCaMP6f_F3,FCV,1,octanal1.595,0.01417235,10
230914_FCV_GCaMP6f_F3,FCV,2,octanal1.595,0.017603675,10
230915_FCV_GCaMP6f_F1,FCV,1,octanal1.595,0.003929648,10
230915_FCV_GCaMP6f_F1,FCV,2,octanal1.595,0.013695219,10
230913_ORL_GCaMP6f_F1,ORL,1,nonanal4.56,0.04625999,11
230913_ORL_GCaMP6f_F1,ORL,2,nonanal4.56,0.026196687,11
230913_ORL_GCaMP6f_F2,ORL,1,nonanal4.56,0.21425706,11
230913_ORL_GCaMP6f_F2,ORL,2,nonanal4.56,0.16196652,11
230914_ORL_GCaMP6f_F1,ORL,1,nonanal4.56,0.22502896,11
230914_ORL_GCaMP6f_F1,ORL,2,nonanal4.56,0.24445485,11
230914_ORL_GCaMP6f_F2,ORL,1,nonanal4.56,0.27311102,11
230914_ORL_GCaMP6f_F2,ORL,2,nonanal4.56,0.19920366,11
230915_ORL_GCaMP6f_F1,ORL,1,nonanal4.56,0.21746062,11
230915_ORL_GCaMP6f_F1,ORL,2,nonanal4.56,0.14418368,11
230913_U52_GCaMP6f_F2,U52,1,nonanal4.56,0.07649876,11
230913_U52_GCaMP6f_F2,U52,2,nonanal4.56,0.03692941,11
230913_U52_GCaMP6f_F3,U52,1,nonanal4.56,0.0951691,11
230913_U52_GCaMP6f_F3,U52,2,nonanal4.56,0.05841322,11
230914_U52_GCaMP6f_F1,U52,1,nonanal4.56,0.30509296,11
230914_U52_GCaMP6f_F1,U52,2,nonanal4.56,0.11022115,11
230914_U52_GCaMP6f_F2,U52,1,nonanal4.56,0.15316723,11
230914_U52_GCaMP6f_F2,U52,2,nonanal4.56,0.041259684,11
230915_U52_GCaMP6f_F2,U52,1,nonanal4.56,0.22936694,11
230915_U52_GCaMP6f_F2,U52,2,nonanal4.56,0.1516537,11
230913_FCV_GCaMP6f_F1,FCV,1,nonanal4.56,0.024826508,11
230913_FCV_GCaMP6f_F1,FCV,2,nonanal4.56,0.012612531,11
230914_FCV_GCaMP6f_F1,FCV,1,nonanal4.56,0.19710621,11
230914_FCV_GCaMP6f_F1,FCV,2,nonanal4.56,0.117638715,11
230914_FCV_GCaMP6f_F2,FCV,1,nonanal4.56,0.16108537,11
230914_FCV_GCaMP6f_F2,FCV,2,nonanal4.56,0.08288508,11
230914_FCV_GCaMP6f_F3,FCV,1,nonanal4.56,0.2506331,11
230914_FCV_GCaMP6f_F3,FCV,2,nonanal4.56,0.08899137,11
230915_FCV_GCaMP6f_F1,FCV,1,nonanal4.56,0.10501027,11
230915_FCV_GCaMP6f_F1,FCV,2,nonanal4.56,0.032458343,11
230913_ORL_GCaMP6f_F1,ORL,1,nonanal4.045,0.023036554,12
230913_ORL_GCaMP6f_F1,ORL,2,nonanal4.045,0.05233243,12
230913_ORL_GCaMP6f_F2,ORL,1,nonanal4.045,0.061725866,12
230913_ORL_GCaMP6f_F2,ORL,2,nonanal4.045,0.15267302,12
230914_ORL_GCaMP6f_F1,ORL,1,nonanal4.045,0.16869491,12
230914_ORL_GCaMP6f_F1,ORL,2,nonanal4.045,0.1750282,12
230914_ORL_GCaMP6f_F2,ORL,1,nonanal4.045,0.09995367,12
230914_ORL_GCaMP6f_F2,ORL,2,nonanal4.045,0.091975376,12
230915_ORL_GCaMP6f_F1,ORL,1,nonanal4.045,0.035495456,12
230915_ORL_GCaMP6f_F1,ORL,2,nonanal4.045,0.03773953,12
230913_U52_GCaMP6f_F2,U52,1,nonanal4.045,0.043702204,12
230913_U52_GCaMP6f_F2,U52,2,nonanal4.045,0.007939198,12
230913_U52_GCaMP6f_F3,U52,1,nonanal4.045,0.09276767,12
230913_U52_GCaMP6f_F3,U52,2,nonanal4.045,0.04512871,12
230914_U52_GCaMP6f_F1,U52,1,nonanal4.045,0.17815767,12
230914_U52_GCaMP6f_F1,U52,2,nonanal4.045,0.068732165,12
230914_U52_GCaMP6f_F2,U52,1,nonanal4.045,0.050903358,12
230914_U52_GCaMP6f_F2,U52,2,nonanal4.045,0.0068634343,12
230915_U52_GCaMP6f_F2,U52,1,nonanal4.045,0.1321693,12
230915_U52_GCaMP6f_F2,U52,2,nonanal4.045,0.10358694,12
230913_FCV_GCaMP6f_F1,FCV,1,nonanal4.045,0.024179116,12
230913_FCV_GCaMP6f_F1,FCV,2,nonanal4.045,0.0024599312,12
230914_FCV_GCaMP6f_F1,FCV,1,nonanal4.045,0.12870473,12
230914_FCV_GCaMP6f_F1,FCV,2,nonanal4.045,0.08208634,12
230914_FCV_GCaMP6f_F2,FCV,1,nonanal4.045,0.12102888,12
230914_FCV_GCaMP6f_F2,FCV,2,nonanal4.045,0.039933197,12
230914_FCV_GCaMP6f_F3,FCV,1,nonanal4.045,0.18536897,12
230914_FCV_GCaMP6f_F3,FCV,2,nonanal4.045,0.058252446,12
230915_FCV_GCaMP6f_F1,FCV,1,nonanal4.045,0.037980653,12
230915_FCV_GCaMP6f_F1,FCV,2,nonanal4.045,0.02215427,12
230913_ORL_GCaMP6f_F1,ORL,1,nonanal3.445,0.023622165,13
230913_ORL_GCaMP6f_F1,ORL,2,nonanal3.445,0.01273806,13
230913_ORL_GCaMP6f_F2,ORL,1,nonanal3.445,0.020756714,13
230913_ORL_GCaMP6f_F2,ORL,2,nonanal3.445,0.02311455,13
230914_ORL_GCaMP6f_F1,ORL,1,nonanal3.445,0.078849114,13
230914_ORL_GCaMP6f_F1,ORL,2,nonanal3.445,0.117641725,13
230914_ORL_GCaMP6f_F2,ORL,1,nonanal3.445,0.04298592,13
230914_ORL_GCaMP6f_F2,ORL,2,nonanal3.445,0.029362412,13
230915_ORL_GCaMP6f_F1,ORL,1,nonanal3.445,0.0104928855,13
230915_ORL_GCaMP6f_F1,ORL,2,nonanal3.445,0.004220225,13
230913_U52_GCaMP6f_F2,U52,1,nonanal3.445,0.016062247,13
230913_U52_GCaMP6f_F2,U52,2,nonanal3.445,0.013681339,13
230913_U52_GCaMP6f_F3,U52,1,nonanal3.445,0.03390884,13
230913_U52_GCaMP6f_F3,U52,2,nonanal3.445,0.02205164,13
230914_U52_GCaMP6f_F1,U52,1,nonanal3.445,0.07770839,13
230914_U52_GCaMP6f_F1,U52,2,nonanal3.445,0.03409152,13
230914_U52_GCaMP6f_F2,U52,1,nonanal3.445,0.049981464,13
230914_U52_GCaMP6f_F2,U52,2,nonanal3.445,0.0041075554,13
230915_U52_GCaMP6f_F2,U52,1,nonanal3.445,0.025076952,13
230915_U52_GCaMP6f_F2,U52,2,nonanal3.445,0.047020335,13
230913_FCV_GCaMP6f_F1,FCV,1,nonanal3.445,0.0007979541,13
230913_FCV_GCaMP6f_F1,FCV,2,nonanal3.445,0.0038536652,13
230914_FCV_GCaMP6f_F1,FCV,1,nonanal3.445,0.069611475,13
230914_FCV_GCaMP6f_F1,FCV,2,nonanal3.445,0.021732178,13
230914_FCV_GCaMP6f_F2,FCV,1,nonanal3.445,0.09270927,13
230914_FCV_GCaMP6f_F2,FCV,2,nonanal3.445,0.034152556,13
230914_FCV_GCaMP6f_F3,FCV,1,nonanal3.445,0.072473094,13
230914_FCV_GCaMP6f_F3,FCV,2,nonanal3.445,0.015332188,13
230915_FCV_GCaMP6f_F1,FCV,1,nonanal3.445,0.038333382,13
230915_FCV_GCaMP6f_F1,FCV,2,nonanal3.445,0.01843391,13
230913_ORL_GCaMP6f_F1,ORL,1,nonanal2.77,0.085832834,14
230913_ORL_GCaMP6f_F1,ORL,2,nonanal2.77,0.0017680798,14
230913_ORL_GCaMP6f_F2,ORL,1,nonanal2.77,0.024859393,14
230913_ORL_GCaMP6f_F2,ORL,2,nonanal2.77,0.014831425,14
230914_ORL_GCaMP6f_F1,ORL,1,nonanal2.77,0.042500928,14
230914_ORL_GCaMP6f_F1,ORL,2,nonanal2.77,0.05736771,14
230914_ORL_GCaMP6f_F2,ORL,1,nonanal2.77,0.022965372,14
230914_ORL_GCaMP6f_F2,ORL,2,nonanal2.77,0.012456573,14
230915_ORL_GCaMP6f_F1,ORL,1,nonanal2.77,0.007272002,14
230915_ORL_GCaMP6f_F1,ORL,2,nonanal2.77,0.037672527,14
230913_U52_GCaMP6f_F2,U52,1,nonanal2.77,0.0034731831,14
230913_U52_GCaMP6f_F2,U52,2,nonanal2.77,0.0030123498,14
230913_U52_GCaMP6f_F3,U52,1,nonanal2.77,0.010529129,14
230913_U52_GCaMP6f_F3,U52,2,nonanal2.77,0.017417522,14
230914_U52_GCaMP6f_F1,U52,1,nonanal2.77,0.05137011,14
230914_U52_GCaMP6f_F1,U52,2,nonanal2.77,0.008179424,14
230914_U52_GCaMP6f_F2,U52,1,nonanal2.77,0.00536091,14
230914_U52_GCaMP6f_F2,U52,2,nonanal2.77,0.00023925334,14
230915_U52_GCaMP6f_F2,U52,1,nonanal2.77,0.053032916,14
230915_U52_GCaMP6f_F2,U52,2,nonanal2.77,0.024445286,14
230913_FCV_GCaMP6f_F1,FCV,1,nonanal2.77,0.0004893123,14
230913_FCV_GCaMP6f_F1,FCV,2,nonanal2.77,0.00645095,14
230914_FCV_GCaMP6f_F1,FCV,1,nonanal2.77,0.04054238,14
230914_FCV_GCaMP6f_F1,FCV,2,nonanal2.77,0.00042487006,14
230914_FCV_GCaMP6f_F2,FCV,1,nonanal2.77,0.019125761,14
230914_FCV_GCaMP6f_F2,FCV,2,nonanal2.77,0.008244352,14
230914_FCV_GCaMP6f_F3,FCV,1,nonanal2.77,0.0025188115,14
230914_FCV_GCaMP6f_F3,FCV,2,nonanal2.77,0.009517071,14
230915_FCV_GCaMP6f_F1,FCV,1,nonanal2.77,0.06536277,14
230915_FCV_GCaMP6f_F1,FCV,2,nonanal2.77,0.016028073,14
230913_ORL_GCaMP6f_F1,ORL,1,nonanal1.72,0.00026786167,15
230913_ORL_GCaMP6f_F1,ORL,2,nonanal1.72,0.0037745407,15
230913_ORL_GCaMP6f_F2,ORL,1,nonanal1.72,0.0035979557,15
230913_ORL_GCaMP6f_F2,ORL,2,nonanal1.72,0.061381903,15
230914_ORL_GCaMP6f_F1,ORL,1,nonanal1.72,0.025337169,15
230914_ORL_GCaMP6f_F1,ORL,2,nonanal1.72,0.017825797,15
230914_ORL_GCaMP6f_F2,ORL,1,nonanal1.72,0.0010765869,15
230914_ORL_GCaMP6f_F2,ORL,2,nonanal1.72,0.0060040113,15
230915_ORL_GCaMP6f_F1,ORL,1,nonanal1.72,0.0030061232,15
230915_ORL_GCaMP6f_F1,ORL,2,nonanal1.72,0.012756607,15
230913_U52_GCaMP6f_F2,U52,1,nonanal1.72,0.0030235671,15
230913_U52_GCaMP6f_F2,U52,2,nonanal1.72,0.028020833,15
230913_U52_GCaMP6f_F3,U52,1,nonanal1.72,0.011481897,15
230913_U52_GCaMP6f_F3,U52,2,nonanal1.72,0.009964068,15
230914_U52_GCaMP6f_F1,U52,1,nonanal1.72,0.010842616,15
230914_U52_GCaMP6f_F1,U52,2,nonanal1.72,0.005980614,15
230914_U52_GCaMP6f_F2,U52,1,nonanal1.72,0.06471648,15
230914_U52_GCaMP6f_F2,U52,2,nonanal1.72,0.0077824136,15
230915_U52_GCaMP6f_F2,U52,1,nonanal1.72,0.014667361,15
230915_U52_GCaMP6f_F2,U52,2,nonanal1.72,0.0016704514,15
230913_FCV_GCaMP6f_F1,FCV,1,nonanal1.72,0.00019628054,15
230913_FCV_GCaMP6f_F1,FCV,2,nonanal1.72,0.0055238763,15
230914_FCV_GCaMP6f_F1,FCV,1,nonanal1.72,0.021151923,15
230914_FCV_GCaMP6f_F1,FCV,2,nonanal1.72,0.0019118158,15
230914_FCV_GCaMP6f_F2,FCV,1,nonanal1.72,0.0014179695,15
230914_FCV_GCaMP6f_F2,FCV,2,nonanal1.72,0.003812929,15
230914_FCV_GCaMP6f_F3,FCV,1,nonanal1.72,0.0065133795,15
230914_FCV_GCaMP6f_F3,FCV,2,nonanal1.72,0.012287408,15
230915_FCV_GCaMP6f_F1,FCV,1,nonanal1.72,0.011288651,15
230915_FCV_GCaMP6f_F1,FCV,2,nonanal1.72,0.0018005158,15
230913_ORL_GCaMP6f_F1,ORL,1,decanal4.53,0.10943055,16
230913_ORL_GCaMP6f_F1,ORL,2,decanal4.53,0.14289829,16
230913_ORL_GCaMP6f_F2,ORL,1,decanal4.53,0.3920672,16
230913_ORL_GCaMP6f_F2,ORL,2,decanal4.53,0.33220026,16
230914_ORL_GCaMP6f_F1,ORL,1,decanal4.53,0.37057188,16
230914_ORL_GCaMP6f_F1,ORL,2,decanal4.53,0.4213298,16
230914_ORL_GCaMP6f_F2,ORL,1,decanal4.53,0.5102049,16
230914_ORL_GCaMP6f_F2,ORL,2,decanal4.53,0.28038883,16
230915_ORL_GCaMP6f_F1,ORL,1,decanal4.53,0.29894793,16
230915_ORL_GCaMP6f_F1,ORL,2,decanal4.53,0.19409461,16
230913_U52_GCaMP6f_F2,U52,1,decanal4.53,0.08388436,16
230913_U52_GCaMP6f_F2,U52,2,decanal4.53,0.044271305,16
230913_U52_GCaMP6f_F3,U52,1,decanal4.53,0.11358975,16
230913_U52_GCaMP6f_F3,U52,2,decanal4.53,0.04738038,16
230914_U52_GCaMP6f_F1,U52,1,decanal4.53,0.3825746,16
230914_U52_GCaMP6f_F1,U52,2,decanal4.53,0.086047165,16
230914_U52_GCaMP6f_F2,U52,1,decanal4.53,0.026988987,16
230914_U52_GCaMP6f_F2,U52,2,decanal4.53,0.008956168,16
230915_U52_GCaMP6f_F2,U52,1,decanal4.53,0.20328085,16
230915_U52_GCaMP6f_F2,U52,2,decanal4.53,0.20847705,16
230913_FCV_GCaMP6f_F1,FCV,1,decanal4.53,0.011385434,16
230913_FCV_GCaMP6f_F1,FCV,2,decanal4.53,0.006882064,16
230914_FCV_GCaMP6f_F1,FCV,1,decanal4.53,0.330462,16
230914_FCV_GCaMP6f_F1,FCV,2,decanal4.53,0.13941146,16
230914_FCV_GCaMP6f_F2,FCV,1,decanal4.53,0.17539534,16
230914_FCV_GCaMP6f_F2,FCV,2,decanal4.53,0.052869506,16
230914_FCV_GCaMP6f_F3,FCV,1,decanal4.53,0.20781101,16
230914_FCV_GCaMP6f_F3,FCV,2,decanal4.53,0.072068915,16
230915_FCV_GCaMP6f_F1,FCV,1,decanal4.53,0.14028192,16
230915_FCV_GCaMP6f_F1,FCV,2,decanal4.53,0.048439693,16
230913_ORL_GCaMP6f_F1,ORL,1,decanal4.015,0.018674139,17
230913_ORL_GCaMP6f_F1,ORL,2,decanal4.015,0.08933255,17
230913_ORL_GCaMP6f_F2,ORL,1,decanal4.015,0.1326922,17
230913_ORL_GCaMP6f_F2,ORL,2,decanal4.015,0.18381435,17
230914_ORL_GCaMP6f_F1,ORL,1,decanal4.015,0.2544046,17
230914_ORL_GCaMP6f_F1,ORL,2,decanal4.015,0.2804346,17
230914_ORL_GCaMP6f_F2,ORL,1,decanal4.015,0.2046542,17
230914_ORL_GCaMP6f_F2,ORL,2,decanal4.015,0.18578179,17
230915_ORL_GCaMP6f_F1,ORL,1,decanal4.015,0.09004347,17
230915_ORL_GCaMP6f_F1,ORL,2,decanal4.015,0.08460181,17
230913_U52_GCaMP6f_F2,U52,1,decanal4.015,0.091059566,17
230913_U52_GCaMP6f_F2,U52,2,decanal4.015,0.016733242,17
230913_U52_GCaMP6f_F3,U52,1,decanal4.015,0.106416725,17
230913_U52_GCaMP6f_F3,U52,2,decanal4.015,0.049000427,17
230914_U52_GCaMP6f_F1,U52,1,decanal4.015,0.22723971,17
230914_U52_GCaMP6f_F1,U52,2,decanal4.015,0.058032744,17
230914_U52_GCaMP6f_F2,U52,1,decanal4.015,0.024705078,17
230914_U52_GCaMP6f_F2,U52,2,decanal4.015,0.001653739,17
230915_U52_GCaMP6f_F2,U52,1,decanal4.015,0.24020112,17
230915_U52_GCaMP6f_F2,U52,2,decanal4.015,0.15911548,17
230913_FCV_GCaMP6f_F1,FCV,1,decanal4.015,0.012918139,17
230913_FCV_GCaMP6f_F1,FCV,2,decanal4.015,0.0024639608,17
230914_FCV_GCaMP6f_F1,FCV,1,decanal4.015,0.10705997,17
230914_FCV_GCaMP6f_F1,FCV,2,decanal4.015,0.09236948,17
230914_FCV_GCaMP6f_F2,FCV,1,decanal4.015,0.11062043,17
230914_FCV_GCaMP6f_F2,FCV,2,decanal4.015,0.0584874,17
230914_FCV_GCaMP6f_F3,FCV,1,decanal4.015,0.074082635,17
230914_FCV_GCaMP6f_F3,FCV,2,decanal4.015,0.043760046,17
230915_FCV_GCaMP6f_F1,FCV,1,decanal4.015,0.06974735,17
230915_FCV_GCaMP6f_F1,FCV,2,decanal4.015,0.033192895,17
230913_ORL_GCaMP6f_F1,ORL,1,decanal3.425,0.016387988,18
230913_ORL_GCaMP6f_F1,ORL,2,decanal3.425,0.044513687,18
230913_ORL_GCaMP6f_F2,ORL,1,decanal3.425,0.041716054,18
230913_ORL_GCaMP6f_F2,ORL,2,decanal3.425,0.29225832,18
230914_ORL_GCaMP6f_F1,ORL,1,decanal3.425,0.108501054,18
230914_ORL_GCaMP6f_F1,ORL,2,decanal3.425,0.13297278,18
230914_ORL_GCaMP6f_F2,ORL,1,decanal3.425,0.08057177,18
230914_ORL_GCaMP6f_F2,ORL,2,decanal3.425,0.08119659,18
230915_ORL_GCaMP6f_F1,ORL,1,decanal3.425,0.0083852215,18
230915_ORL_GCaMP6f_F1,ORL,2,decanal3.425,0.019547597,18
230913_U52_GCaMP6f_F2,U52,1,decanal3.425,0.029913224,18
230913_U52_GCaMP6f_F2,U52,2,decanal3.425,0.0057142554,18
230913_U52_GCaMP6f_F3,U52,1,decanal3.425,0.04440189,18
230913_U52_GCaMP6f_F3,U52,2,decanal3.425,0.065166935,18
230914_U52_GCaMP6f_F1,U52,1,decanal3.425,0.13059744,18
230914_U52_GCaMP6f_F1,U52,2,decanal3.425,0.027215814,18
230914_U52_GCaMP6f_F2,U52,1,decanal3.425,0.0022840616,18
230914_U52_GCaMP6f_F2,U52,2,decanal3.425,0.05780493,18
230915_U52_GCaMP6f_F2,U52,1,decanal3.425,0.09263184,18
230915_U52_GCaMP6f_F2,U52,2,decanal3.425,0.08906753,18
230913_FCV_GCaMP6f_F1,FCV,1,decanal3.425,0.0015467436,18
230913_FCV_GCaMP6f_F1,FCV,2,decanal3.425,0.0029047036,18
230914_FCV_GCaMP6f_F1,FCV,1,decanal3.425,0.100429304,18
230914_FCV_GCaMP6f_F1,FCV,2,decanal3.425,0.04862713,18
230914_FCV_GCaMP6f_F2,FCV,1,decanal3.425,0.04913961,18
230914_FCV_GCaMP6f_F2,FCV,2,decanal3.425,0.030523928,18
230914_FCV_GCaMP6f_F3,FCV,1,decanal3.425,0.043311533,18
230914_FCV_GCaMP6f_F3,FCV,2,decanal3.425,0.02438143,18
230915_FCV_GCaMP6f_F1,FCV,1,decanal3.425,0.10367811,18
230915_FCV_GCaMP6f_F1,FCV,2,decanal3.425,0.015292125,18
230913_ORL_GCaMP6f_F1,ORL,1,decanal2.855,0.0035766347,19
230913_ORL_GCaMP6f_F1,ORL,2,decanal2.855,0.027671488,19
230913_ORL_GCaMP6f_F2,ORL,1,decanal2.855,0.07359865,19
230913_ORL_GCaMP6f_F2,ORL,2,decanal2.855,0.039129045,19
230914_ORL_GCaMP6f_F1,ORL,1,decanal2.855,0.05332307,19
230914_ORL_GCaMP6f_F1,ORL,2,decanal2.855,0.06682675,19
230914_ORL_GCaMP6f_F2,ORL,1,decanal2.855,0.021209393,19
230914_ORL_GCaMP6f_F2,ORL,2,decanal2.855,0.045853168,19
230915_ORL_GCaMP6f_F1,ORL,1,decanal2.855,0.015248911,19
230915_ORL_GCaMP6f_F1,ORL,2,decanal2.855,0.025166472,19
230913_U52_GCaMP6f_F2,U52,1,decanal2.855,0.011384737,19
230913_U52_GCaMP6f_F2,U52,2,decanal2.855,0.0018171588,19
230913_U52_GCaMP6f_F3,U52,1,decanal2.855,0.03399502,19
230913_U52_GCaMP6f_F3,U52,2,decanal2.855,0.02126966,19
230914_U52_GCaMP6f_F1,U52,1,decanal2.855,0.06729104,19
230914_U52_GCaMP6f_F1,U52,2,decanal2.855,0.014148947,19
230914_U52_GCaMP6f_F2,U52,1,decanal2.855,0.0066755973,19
230914_U52_GCaMP6f_F2,U52,2,decanal2.855,0.0005517998,19
230915_U52_GCaMP6f_F2,U52,1,decanal2.855,0.01151695,19
230915_U52_GCaMP6f_F2,U52,2,decanal2.855,0.031443328,19
230913_FCV_GCaMP6f_F1,FCV,1,decanal2.855,0.0025152653,19
230913_FCV_GCaMP6f_F1,FCV,2,decanal2.855,0.007798456,19
230914_FCV_GCaMP6f_F1,FCV,1,decanal2.855,0.058890726,19
230914_FCV_GCaMP6f_F1,FCV,2,decanal2.855,0.007124435,19
230914_FCV_GCaMP6f_F2,FCV,1,decanal2.855,0.01896787,19
230914_FCV_GCaMP6f_F2,FCV,2,decanal2.855,0.0065447036,19
230914_FCV_GCaMP6f_F3,FCV,1,decanal2.855,0.025388535,19
230914_FCV_GCaMP6f_F3,FCV,2,decanal2.855,0.009742355,19
230915_FCV_GCaMP6f_F1,FCV,1,decanal2.855,0.026705468,19
230915_FCV_GCaMP6f_F1,FCV,2,decanal2.855,0.0018911967,19
230913_ORL_GCaMP6f_F1,ORL,1,decanal2.18,0.026943708,20
230913_ORL_GCaMP6f_F1,ORL,2,decanal2.18,0.024621552,20
230913_ORL_GCaMP6f_F2,ORL,1,decanal2.18,0.011177059,20
230913_ORL_GCaMP6f_F2,ORL,2,decanal2.18,0.14910774,20
230914_ORL_GCaMP6f_F1,ORL,1,decanal2.18,0.018897193,20
230914_ORL_GCaMP6f_F1,ORL,2,decanal2.18,0.028692435,20
230914_ORL_GCaMP6f_F2,ORL,1,decanal2.18,0.017084572,20
230914_ORL_GCaMP6f_F2,ORL,2,decanal2.18,0.009645433,20
230915_ORL_GCaMP6f_F1,ORL,1,decanal2.18,0.00033620474,20
230915_ORL_GCaMP6f_F1,ORL,2,decanal2.18,0.00027136228,20
230913_U52_GCaMP6f_F2,U52,1,decanal2.18,0.0008361195,20
230913_U52_GCaMP6f_F2,U52,2,decanal2.18,0.007409739,20
230913_U52_GCaMP6f_F3,U52,1,decanal2.18,0.0070892903,20
230913_U52_GCaMP6f_F3,U52,2,decanal2.18,0.0028864276,20
230914_U52_GCaMP6f_F1,U52,1,decanal2.18,0.027354363,20
230914_U52_GCaMP6f_F1,U52,2,decanal2.18,0.0025315196,20
230914_U52_GCaMP6f_F2,U52,1,decanal2.18,0.004220403,20
230914_U52_GCaMP6f_F2,U52,2,decanal2.18,0.00070829655,20
230915_U52_GCaMP6f_F2,U52,1,decanal2.18,0.027734777,20
230915_U52_GCaMP6f_F2,U52,2,decanal2.18,0.04010514,20
230913_FCV_GCaMP6f_F1,FCV,1,decanal2.18,0.0016938145,20
230913_FCV_GCaMP6f_F1,FCV,2,decanal2.18,0.00050386717,20
230914_FCV_GCaMP6f_F1,FCV,1,decanal2.18,0.13425076,20
230914_FCV_GCaMP6f_F1,FCV,2,decanal2.18,0.07477439,20
230914_FCV_GCaMP6f_F2,FCV,1,decanal2.18,0.024213951,20
230914_FCV_GCaMP6f_F2,FCV,2,decanal2.18,0.006825074,20
230914_FCV_GCaMP6f_F3,FCV,1,decanal2.18,0.00063425576,20
230914_FCV_GCaMP6f_F3,FCV,2,decanal2.18,0.0062254188,20
230915_FCV_GCaMP6f_F1,FCV,1,decanal2.18,0.009593635,20
230915_FCV_GCaMP6f_F1,FCV,2,decanal2.18,0.031813454,20
230913_ORL_GCaMP6f_F1,ORL,1,undecanal4.145,0.066312626,21
230913_ORL_GCaMP6f_F1,ORL,2,undecanal4.145,0.010482826,21
230913_ORL_GCaMP6f_F2,ORL,1,undecanal4.145,0.19493628,21
230913_ORL_GCaMP6f_F2,ORL,2,undecanal4.145,0.07481593,21
230914_ORL_GCaMP6f_F1,ORL,1,undecanal4.145,0.3535246,21
230914_ORL_GCaMP6f_F1,ORL,2,undecanal4.145,0.33933786,21
230914_ORL_GCaMP6f_F2,ORL,1,undecanal4.145,0.29266536,21
230914_ORL_GCaMP6f_F2,ORL,2,undecanal4.145,0.2454642,21
230915_ORL_GCaMP6f_F1,ORL,1,undecanal4.145,0.11398569,21
230915_ORL_GCaMP6f_F1,ORL,2,undecanal4.145,0.12615418,21
230913_U52_GCaMP6f_F2,U52,1,undecanal4.145,0.057066362,21
230913_U52_GCaMP6f_F2,U52,2,undecanal4.145,0.029157482,21
230913_U52_GCaMP6f_F3,U52,1,undecanal4.145,0.0945138,21
230913_U52_GCaMP6f_F3,U52,2,undecanal4.145,0.007559793,21
230914_U52_GCaMP6f_F1,U52,1,undecanal4.145,0.3134079,21
230914_U52_GCaMP6f_F1,U52,2,undecanal4.145,0.08304749,21
230914_U52_GCaMP6f_F2,U52,1,undecanal4.145,0.01766632,21
230914_U52_GCaMP6f_F2,U52,2,undecanal4.145,0.0072099627,21
230915_U52_GCaMP6f_F2,U52,1,undecanal4.145,0.16017874,21
230915_U52_GCaMP6f_F2,U52,2,undecanal4.145,0.13530484,21
230913_FCV_GCaMP6f_F1,FCV,1,undecanal4.145,0.019352766,21
230913_FCV_GCaMP6f_F1,FCV,2,undecanal4.145,0.006665174,21
230914_FCV_GCaMP6f_F1,FCV,1,undecanal4.145,0.14223176,21
230914_FCV_GCaMP6f_F1,FCV,2,undecanal4.145,0.13827655,21
230914_FCV_GCaMP6f_F2,FCV,1,undecanal4.145,0.17056736,21
230914_FCV_GCaMP6f_F2,FCV,2,undecanal4.145,0.05622629,21
230914_FCV_GCaMP6f_F3,FCV,1,undecanal4.145,0.08594917,21
230914_FCV_GCaMP6f_F3,FCV,2,undecanal4.145,0.02460811,21
230915_FCV_GCaMP6f_F1,FCV,1,undecanal4.145,0.058210276,21
230915_FCV_GCaMP6f_F1,FCV,2,undecanal4.145,0.04772624,21
230913_ORL_GCaMP6f_F1,ORL,1,undecanal3.9,0.03103493,22
230913_ORL_GCaMP6f_F1,ORL,2,undecanal3.9,0.11096369,22
230913_ORL_GCaMP6f_F2,ORL,1,undecanal3.9,0.14550908,22
230913_ORL_GCaMP6f_F2,ORL,2,undecanal3.9,0.26280832,22
230914_ORL_GCaMP6f_F1,ORL,1,undecanal3.9,0.24285832,22
230914_ORL_GCaMP6f_F1,ORL,2,undecanal3.9,0.21231627,22
230914_ORL_GCaMP6f_F2,ORL,1,undecanal3.9,0.17761555,22
230914_ORL_GCaMP6f_F2,ORL,2,undecanal3.9,0.10718846,22
230915_ORL_GCaMP6f_F1,ORL,1,undecanal3.9,0.098565295,22
230915_ORL_GCaMP6f_F1,ORL,2,undecanal3.9,0.068488866,22
230913_U52_GCaMP6f_F2,U52,1,undecanal3.9,0.041554928,22
230913_U52_GCaMP6f_F2,U52,2,undecanal3.9,0.015859222,22
230913_U52_GCaMP6f_F3,U52,1,undecanal3.9,0.03627682,22
230913_U52_GCaMP6f_F3,U52,2,undecanal3.9,0.10867862,22
230914_U52_GCaMP6f_F1,U52,1,undecanal3.9,0.14987281,22
230914_U52_GCaMP6f_F1,U52,2,undecanal3.9,0.046997853,22
230914_U52_GCaMP6f_F2,U52,1,undecanal3.9,0.007681457,22
230914_U52_GCaMP6f_F2,U52,2,undecanal3.9,0.01560862,22
230915_U52_GCaMP6f_F2,U52,1,undecanal3.9,0.08106016,22
230915_U52_GCaMP6f_F2,U52,2,undecanal3.9,0.08558686,22
230913_FCV_GCaMP6f_F1,FCV,1,undecanal3.9,0.012526219,22
230913_FCV_GCaMP6f_F1,FCV,2,undecanal3.9,0.0056750174,22
230914_FCV_GCaMP6f_F1,FCV,1,undecanal3.9,0.15241022,22
230914_FCV_GCaMP6f_F1,FCV,2,undecanal3.9,0.12891018,22
230914_FCV_GCaMP6f_F2,FCV,1,undecanal3.9,0.08145377,22
230914_FCV_GCaMP6f_F2,FCV,2,undecanal3.9,0.043909077,22
230914_FCV_GCaMP6f_F3,FCV,1,undecanal3.9,0.009861746,22
230914_FCV_GCaMP6f_F3,FCV,2,undecanal3.9,0.027191503,22
230915_FCV_GCaMP6f_F1,FCV,1,undecanal3.9,0.037703663,22
230915_FCV_GCaMP6f_F1,FCV,2,undecanal3.9,0.024027687,22
230913_ORL_GCaMP6f_F1,ORL,1,undecanal3.205,0.0014001785,23
230913_ORL_GCaMP6f_F1,ORL,2,undecanal3.205,0.022989808,23
230913_ORL_GCaMP6f_F2,ORL,1,undecanal3.205,0.022930646,23
230913_ORL_GCaMP6f_F2,ORL,2,undecanal3.205,0.021398345,23
230914_ORL_GCaMP6f_F1,ORL,1,undecanal3.205,0.1187375,23
230914_ORL_GCaMP6f_F1,ORL,2,undecanal3.205,0.17118189,23
230914_ORL_GCaMP6f_F2,ORL,1,undecanal3.205,0.06605138,23
230914_ORL_GCaMP6f_F2,ORL,2,undecanal3.205,0.044371758,23
230915_ORL_GCaMP6f_F1,ORL,1,undecanal3.205,0.00922332,23
230915_ORL_GCaMP6f_F1,ORL,2,undecanal3.205,0.019507935,23
230913_U52_GCaMP6f_F2,U52,1,undecanal3.205,0.033099193,23
230913_U52_GCaMP6f_F2,U52,2,undecanal3.205,0.005382122,23
230913_U52_GCaMP6f_F3,U52,1,undecanal3.205,0.026424374,23
230913_U52_GCaMP6f_F3,U52,2,undecanal3.205,0.009397361,23
230914_U52_GCaMP6f_F1,U52,1,undecanal3.205,0.07965964,23
230914_U52_GCaMP6f_F1,U52,2,undecanal3.205,0.029175509,23
230914_U52_GCaMP6f_F2,U52,1,undecanal3.205,0.0040576844,23
230914_U52_GCaMP6f_F2,U52,2,undecanal3.205,0.0011229372,23
230915_U52_GCaMP6f_F2,U52,1,undecanal3.205,0.11839327,23
230915_U52_GCaMP6f_F2,U52,2,undecanal3.205,0.028191399,23
230913_FCV_GCaMP6f_F1,FCV,1,undecanal3.205,0.0046859463,23
230913_FCV_GCaMP6f_F1,FCV,2,undecanal3.205,0.0031958253,23
230914_FCV_GCaMP6f_F1,FCV,1,undecanal3.205,0.24751161,23
230914_FCV_GCaMP6f_F1,FCV,2,undecanal3.205,0.018971452,23
230914_FCV_GCaMP6f_F2,FCV,1,undecanal3.205,0.03736373,23
230914_FCV_GCaMP6f_F2,FCV,2,undecanal3.205,0.008404246,23
230914_FCV_GCaMP6f_F3,FCV,1,undecanal3.205,0.006257564,23
230914_FCV_GCaMP6f_F3,FCV,2,undecanal3.205,0.018228596,23
230915_FCV_GCaMP6f_F1,FCV,1,undecanal3.205,0.06652028,23
230915_FCV_GCaMP6f_F1,FCV,2,undecanal3.205,0.0283881,23
230913_ORL_GCaMP6f_F1,ORL,1,undecanal2.765,0.009099912,24
230913_ORL_GCaMP6f_F1,ORL,2,undecanal2.765,0.009696004,24
230913_ORL_GCaMP6f_F2,ORL,1,undecanal2.765,0.044961847,24
230913_ORL_GCaMP6f_F2,ORL,2,undecanal2.765,0.05830978,24
230914_ORL_GCaMP6f_F1,ORL,1,undecanal2.765,0.056950856,24
230914_ORL_GCaMP6f_F1,ORL,2,undecanal2.765,0.088135935,24
230914_ORL_GCaMP6f_F2,ORL,1,undecanal2.765,0.0823754,24
230914_ORL_GCaMP6f_F2,ORL,2,undecanal2.765,0.030352049,24
230915_ORL_GCaMP6f_F1,ORL,1,undecanal2.765,0.006050019,24
230915_ORL_GCaMP6f_F1,ORL,2,undecanal2.765,0.003957806,24
230913_U52_GCaMP6f_F2,U52,1,undecanal2.765,0.018949956,24
230913_U52_GCaMP6f_F2,U52,2,undecanal2.765,0.0017605826,24
230913_U52_GCaMP6f_F3,U52,1,undecanal2.765,0.04436672,24
230913_U52_GCaMP6f_F3,U52,2,undecanal2.765,0.0041742055,24
230914_U52_GCaMP6f_F1,U52,1,undecanal2.765,0.031998485,24
230914_U52_GCaMP6f_F1,U52,2,undecanal2.765,0.010139568,24
230914_U52_GCaMP6f_F2,U52,1,undecanal2.765,0.0025578383,24
230914_U52_GCaMP6f_F2,U52,2,undecanal2.765,0.00094629434,24
230915_U52_GCaMP6f_F2,U52,1,undecanal2.765,0.0184067,24
230915_U52_GCaMP6f_F2,U52,2,undecanal2.765,0.0144160045,24
230913_FCV_GCaMP6f_F1,FCV,1,undecanal2.765,0.0033795466,24
230913_FCV_GCaMP6f_F1,FCV,2,undecanal2.765,0.010064492,24
230914_FCV_GCaMP6f_F1,FCV,1,undecanal2.765,0.09841418,24
230914_FCV_GCaMP6f_F1,FCV,2,undecanal2.765,0.015451657,24
230914_FCV_GCaMP6f_F2,FCV,1,undecanal2.765,0.026932186,24
230914_FCV_GCaMP6f_F2,FCV,2,undecanal2.765,0.005698425,24
230914_FCV_GCaMP6f_F3,FCV,1,undecanal2.765,0.014305364,24
230914_FCV_GCaMP6f_F3,FCV,2,undecanal2.765,0.008652507,24
230915_FCV_GCaMP6f_F1,FCV,1,undecanal2.765,0.011900942,24
230915_FCV_GCaMP6f_F1,FCV,2,undecanal2.765,0.026846731,24
230913_ORL_GCaMP6f_F1,ORL,1,undecanal2.375,0.0011269354,25
230913_ORL_GCaMP6f_F1,ORL,2,undecanal2.375,0.036226075,25
230913_ORL_GCaMP6f_F2,ORL,1,undecanal2.375,0.010119506,25
230913_ORL_GCaMP6f_F2,ORL,2,undecanal2.375,0.041301664,25
230914_ORL_GCaMP6f_F1,ORL,1,undecanal2.375,0.039486498,25
230914_ORL_GCaMP6f_F1,ORL,2,undecanal2.375,0.06578393,25
230914_ORL_GCaMP6f_F2,ORL,1,undecanal2.375,0.023650412,25
230914_ORL_GCaMP6f_F2,ORL,2,undecanal2.375,0.009676317,25
230915_ORL_GCaMP6f_F1,ORL,1,undecanal2.375,0.0015627986,25
230915_ORL_GCaMP6f_F1,ORL,2,undecanal2.375,0.010930547,25
230913_U52_GCaMP6f_F2,U52,1,undecanal2.375,0.011627693,25
230913_U52_GCaMP6f_F2,U52,2,undecanal2.375,0.011136529,25
230913_U52_GCaMP6f_F3,U52,1,undecanal2.375,0.0049330583,25
230913_U52_GCaMP6f_F3,U52,2,undecanal2.375,0.038475156,25
230914_U52_GCaMP6f_F1,U52,1,undecanal2.375,0.012628653,25
230914_U52_GCaMP6f_F1,U52,2,undecanal2.375,0.008518578,25
230914_U52_GCaMP6f_F2,U52,1,undecanal2.375,0.0018505084,25
230914_U52_GCaMP6f_F2,U52,2,undecanal2.375,0.0037526162,25
230915_U52_GCaMP6f_F2,U52,1,undecanal2.375,0.06073019,25
230915_U52_GCaMP6f_F2,U52,2,undecanal2.375,0.008236514,25
230913_FCV_GCaMP6f_F1,FCV,1,undecanal2.375,0.0040414776,25
230913_FCV_GCaMP6f_F1,FCV,2,undecanal2.375,0.00013160589,25
230914_FCV_GCaMP6f_F1,FCV,1,undecanal2.375,0.0362464,25
230914_FCV_GCaMP6f_F1,FCV,2,undecanal2.375,0.006965215,25
230914_FCV_GCaMP6f_F2,FCV,1,undecanal2.375,0.027402751,25
230914_FCV_GCaMP6f_F2,FCV,2,undecanal2.375,0.02018016,25
230914_FCV_GCaMP6f_F3,FCV,1,undecanal2.375,0.003064442,25
230914_FCV_GCaMP6f_F3,FCV,2,undecanal2.375,0.016768228,25
230915_FCV_GCaMP6f_F1,FCV,1,undecanal2.375,0.0024087748,25
230915_FCV_GCaMP6f_F1,FCV,2,undecanal2.375,0.0064449734,25
230913_ORL_GCaMP6f_F1,ORL,1,paraffin,0.0130622275,26
230913_ORL_GCaMP6f_F1,ORL,2,paraffin,0.0008340045,26
230913_ORL_GCaMP6f_F2,ORL,1,paraffin,0.048808288,26
230913_ORL_GCaMP6f_F2,ORL,2,paraffin,0.07001675,26
230914_ORL_GCaMP6f_F1,ORL,1,paraffin,0.05236798,26
230914_ORL_GCaMP6f_F1,ORL,2,paraffin,0.08210218,26
230914_ORL_GCaMP6f_F2,ORL,1,paraffin,0.023794303,26
230914_ORL_GCaMP6f_F2,ORL,2,paraffin,0.023477964,26
230915_ORL_GCaMP6f_F1,ORL,1,paraffin,0.06229755,26
230915_ORL_GCaMP6f_F1,ORL,2,paraffin,0.02466686,26
230913_U52_GCaMP6f_F2,U52,1,paraffin,0.016170057,26
230913_U52_GCaMP6f_F2,U52,2,paraffin,0.002398632,26
230913_U52_GCaMP6f_F3,U52,1,paraffin,0.0044161067,26
230913_U52_GCaMP6f_F3,U52,2,paraffin,0.00069799763,26
230914_U52_GCaMP6f_F1,U52,1,paraffin,0.01953324,26
230914_U52_GCaMP6f_F1,U52,2,paraffin,0.005282749,26
230914_U52_GCaMP6f_F2,U52,1,paraffin,0.019192852,26
230914_U52_GCaMP6f_F2,U52,2,paraffin,0.021152709,26
230915_U52_GCaMP6f_F2,U52,1,paraffin,0.029671598,26
230915_U52_GCaMP6f_F2,U52,2,paraffin,0.06816721,26
230913_FCV_GCaMP6f_F1,FCV,1,paraffin,0.0042416845,26
230913_FCV_GCaMP6f_F1,FCV,2,paraffin,0.0047248276,26
230914_FCV_GCaMP6f_F1,FCV,1,paraffin,0.010118901,26
230914_FCV_GCaMP6f_F1,FCV,2,paraffin,0.017572861,26
230914_FCV_GCaMP6f_F2,FCV,1,paraffin,0.031671472,26
230914_FCV_GCaMP6f_F2,FCV,2,paraffin,0.029391725,26
230914_FCV_GCaMP6f_F3,FCV,1,paraffin,0.031485777,26
230914_FCV_GCaMP6f_F3,FCV,2,paraffin,0.03157916,26
230915_FCV_GCaMP6f_F1,FCV,1,paraffin,0.0086332355,26
230915_FCV_GCaMP6f_F1,FCV,2,paraffin,0.029760562,26
230913_ORL_GCaMP6f_F1,ORL,1,sulcatone-2,0.033788867,27
230913_ORL_GCaMP6f_F1,ORL,2,sulcatone-2,0.044478305,27
230913_ORL_GCaMP6f_F2,ORL,1,sulcatone-2,0.23845007,27
230913_ORL_GCaMP6f_F2,ORL,2,sulcatone-2,0.09768811,27
230914_ORL_GCaMP6f_F1,ORL,1,sulcatone-2,0.25329727,27
230914_ORL_GCaMP6f_F1,ORL,2,sulcatone-2,0.253654,27
230914_ORL_GCaMP6f_F2,ORL,1,sulcatone-2,0.27316183,27
230914_ORL_GCaMP6f_F2,ORL,2,sulcatone-2,0.20701572,27
230915_ORL_GCaMP6f_F1,ORL,1,sulcatone-2,0.20116347,27
230915_ORL_GCaMP6f_F1,ORL,2,sulcatone-2,0.14106148,27
230913_U52_GCaMP6f_F2,U52,1,sulcatone-2,0.061098594,27
230913_U52_GCaMP6f_F2,U52,2,sulcatone-2,0.011514667,27
230913_U52_GCaMP6f_F3,U52,1,sulcatone-2,0.08387137,27
230913_U52_GCaMP6f_F3,U52,2,sulcatone-2,0.08978175,27
230914_U52_GCaMP6f_F1,U52,1,sulcatone-2,0.13499148,27
230914_U52_GCaMP6f_F1,U52,2,sulcatone-2,0.049434464,27
230914_U52_GCaMP6f_F2,U52,1,sulcatone-2,0.1930657,27
230914_U52_GCaMP6f_F2,U52,2,sulcatone-2,0.020357974,27
230915_U52_GCaMP6f_F2,U52,1,sulcatone-2,0.22834939,27
230915_U52_GCaMP6f_F2,U52,2,sulcatone-2,0.14469194,27
230913_FCV_GCaMP6f_F1,FCV,1,sulcatone-2,0.022589771,27
230913_FCV_GCaMP6f_F1,FCV,2,sulcatone-2,0.0165314,27
230914_FCV_GCaMP6f_F1,FCV,1,sulcatone-2,0.124338016,27
230914_FCV_GCaMP6f_F1,FCV,2,sulcatone-2,0.08600733,27
230914_FCV_GCaMP6f_F2,FCV,1,sulcatone-2,0.06999762,27
230914_FCV_GCaMP6f_F2,FCV,2,sulcatone-2,0.0333206,27
230914_FCV_GCaMP6f_F3,FCV,1,sulcatone-2,0.0804072,27
230914_FCV_GCaMP6f_F3,FCV,2,sulcatone-2,0.046306707,27
230915_FCV_GCaMP6f_F1,FCV,1,sulcatone-2,0.041861698,27
230915_FCV_GCaMP6f_F1,FCV,2,sulcatone-2,0.040438235,27
230913_ORL_GCaMP6f_F1,ORL,1,sulcatone-3,0.043368872,28
230913_ORL_GCaMP6f_F1,ORL,2,sulcatone-3,0.059441675,28
230913_ORL_GCaMP6f_F2,ORL,1,sulcatone-3,0.03172137,28
230913_ORL_GCaMP6f_F2,ORL,2,sulcatone-3,0.025610255,28
230914_ORL_GCaMP6f_F1,ORL,1,sulcatone-3,0.07265272,28
230914_ORL_GCaMP6f_F1,ORL,2,sulcatone-3,0.09840746,28
230914_ORL_GCaMP6f_F2,ORL,1,sulcatone-3,0.09488598,28
230914_ORL_GCaMP6f_F2,ORL,2,sulcatone-3,0.06526767,28
230915_ORL_GCaMP6f_F1,ORL,1,sulcatone-3,0.05055441,28
230915_ORL_GCaMP6f_F1,ORL,2,sulcatone-3,0.027110782,28
230913_U52_GCaMP6f_F2,U52,1,sulcatone-3,0.03809259,28
230913_U52_GCaMP6f_F2,U52,2,sulcatone-3,0.019423205,28
230913_U52_GCaMP6f_F3,U52,1,sulcatone-3,0.033912387,28
230913_U52_GCaMP6f_F3,U52,2,sulcatone-3,0.014775079,28
230914_U52_GCaMP6f_F1,U52,1,sulcatone-3,0.0391634,28
230914_U52_GCaMP6f_F1,U52,2,sulcatone-3,0.038114782,28
230914_U52_GCaMP6f_F2,U52,1,sulcatone-3,0.016308263,28
230914_U52_GCaMP6f_F2,U52,2,sulcatone-3,0.014507307,28
230915_U52_GCaMP6f_F2,U52,1,sulcatone-3,0.10787531,28
230915_U52_GCaMP6f_F2,U52,2,sulcatone-3,0.043942187,28
230913_FCV_GCaMP6f_F1,FCV,1,sulcatone-3,0.029014915,28
230913_FCV_GCaMP6f_F1,FCV,2,sulcatone-3,0.0056886463,28
230914_FCV_GCaMP6f_F1,FCV,1,sulcatone-3,0.10486902,28
230914_FCV_GCaMP6f_F1,FCV,2,sulcatone-3,0.0025357096,28
230914_FCV_GCaMP6f_F2,FCV,1,sulcatone-3,0.044486787,28
230914_FCV_GCaMP6f_F2,FCV,2,sulcatone-3,0.012810952,28
230914_FCV_GCaMP6f_F3,FCV,1,sulcatone-3,0.030180434,28
230914_FCV_GCaMP6f_F3,FCV,2,sulcatone-3,0.06185898,28
230915_FCV_GCaMP6f_F1,FCV,1,sulcatone-3,0.01924416,28
230915_FCV_GCaMP6f_F1,FCV,2,sulcatone-3,0.013010001,28
230913_ORL_GCaMP6f_F1,ORL,1,phenol,0.054857753,29
230913_ORL_GCaMP6f_F1,ORL,2,phenol,0.083197,29
230913_ORL_GCaMP6f_F2,ORL,1,phenol,0.078250356,29
230913_ORL_GCaMP6f_F2,ORL,2,phenol,0.20691326,29
230914_ORL_GCaMP6f_F1,ORL,1,phenol,0.063238576,29
230914_ORL_GCaMP6f_F1,ORL,2,phenol,0.12911807,29
230914_ORL_GCaMP6f_F2,ORL,1,phenol,0.058237176,29
230914_ORL_GCaMP6f_F2,ORL,2,phenol,0.05436738,29
230915_ORL_GCaMP6f_F1,ORL,1,phenol,0.083302915,29
230915_ORL_GCaMP6f_F1,ORL,2,phenol,0.009417421,29
230913_U52_GCaMP6f_F2,U52,1,phenol,0.0011489829,29
230913_U52_GCaMP6f_F2,U52,2,phenol,0.026934031,29
230913_U52_GCaMP6f_F3,U52,1,phenol,0.027129529,29
230913_U52_GCaMP6f_F3,U52,2,phenol,0.0961746,29
230914_U52_GCaMP6f_F1,U52,1,phenol,0.015742166,29
230914_U52_GCaMP6f_F1,U52,2,phenol,0.0046734163,29
230914_U52_GCaMP6f_F2,U52,1,phenol,0.0042685815,29
230914_U52_GCaMP6f_F2,U52,2,phenol,0.012242828,29
230915_U52_GCaMP6f_F2,U52,1,phenol,0.019012734,29
230915_U52_GCaMP6f_F2,U52,2,phenol,0.015344546,29
230913_FCV_GCaMP6f_F1,FCV,1,phenol,0.0018079783,29
230913_FCV_GCaMP6f_F1,FCV,2,phenol,0.0019437918,29
230914_FCV_GCaMP6f_F1,FCV,1,phenol,0.018661138,29
230914_FCV_GCaMP6f_F1,FCV,2,phenol,0.0070657562,29
230914_FCV_GCaMP6f_F2,FCV,1,phenol,0.03740364,29
230914_FCV_GCaMP6f_F2,FCV,2,phenol,0.013210576,29
230914_FCV_GCaMP6f_F3,FCV,1,phenol,0.09127542,29
230914_FCV_GCaMP6f_F3,FCV,2,phenol,0.051655315,29
230915_FCV_GCaMP6f_F1,FCV,1,phenol,0.07726786,29
230915_FCV_GCaMP6f_F1,FCV,2,phenol,0.05725111,29
230913_ORL_GCaMP6f_F1,ORL,1,benzaldehyde,0.06881398,30
230913_ORL_GCaMP6f_F1,ORL,2,benzaldehyde,0.04428718,30
230913_ORL_GCaMP6f_F2,ORL,1,benzaldehyde,0.083474845,30
230913_ORL_GCaMP6f_F2,ORL,2,benzaldehyde,0.020495975,30
230914_ORL_GCaMP6f_F1,ORL,1,benzaldehyde,0.099257536,30
230914_ORL_GCaMP6f_F1,ORL,2,benzaldehyde,0.11704868,30
230914_ORL_GCaMP6f_F2,ORL,1,benzaldehyde,0.05944909,30
230914_ORL_GCaMP6f_F2,ORL,2,benzaldehyde,0.074856706,30
230915_ORL_GCaMP6f_F1,ORL,1,benzaldehyde,0.074999996,30
230915_ORL_GCaMP6f_F1,ORL,2,benzaldehyde,0.03211287,30
230913_U52_GCaMP6f_F2,U52,1,benzaldehyde,0.023374652,30
230913_U52_GCaMP6f_F2,U52,2,benzaldehyde,0.0009747066,30
230913_U52_GCaMP6f_F3,U52,1,benzaldehyde,0.049740583,30
230913_U52_GCaMP6f_F3,U52,2,benzaldehyde,0.032643717,30
230914_U52_GCaMP6f_F1,U52,1,benzaldehyde,0.02601797,30
230914_U52_GCaMP6f_F1,U52,2,benzaldehyde,0.015368677,30
230914_U52_GCaMP6f_F2,U52,1,benzaldehyde,0.052751936,30
230914_U52_GCaMP6f_F2,U52,2,benzaldehyde,0.011575922,30
230915_U52_GCaMP6f_F2,U52,1,benzaldehyde,0.061171863,30
230915_U52_GCaMP6f_F2,U52,2,benzaldehyde,0.06523222,30
230913_FCV_GCaMP6f_F1,FCV,1,benzaldehyde,0.024919467,30
230913_FCV_GCaMP6f_F1,FCV,2,benzaldehyde,0.004800423,30
230914_FCV_GCaMP6f_F1,FCV,1,benzaldehyde,0.05031591,30
230914_FCV_GCaMP6f_F1,FCV,2,benzaldehyde,0.00027363517,30
230914_FCV_GCaMP6f_F2,FCV,1,benzaldehyde,0.023500271,30
230914_FCV_GCaMP6f_F2,FCV,2,benzaldehyde,0.027233072,30
230914_FCV_GCaMP6f_F3,FCV,1,benzaldehyde,0.0650741,30
230914_FCV_GCaMP6f_F3,FCV,2,benzaldehyde,0.053731512,30
230915_FCV_GCaMP6f_F1,FCV,1,benzaldehyde,0.02199886,30
230915_FCV_GCaMP6f_F1,FCV,2,benzaldehyde,0.021362929,30
230913_ORL_GCaMP6f_F1,ORL,1,oxoisophorone,0.31414655,31
230913_ORL_GCaMP6f_F1,ORL,2,oxoisophorone,0.33925724,31
230913_ORL_GCaMP6f_F2,ORL,1,oxoisophorone,0.4906858,31
230913_ORL_GCaMP6f_F2,ORL,2,oxoisophorone,0.67642105,31
230914_ORL_GCaMP6f_F1,ORL,1,oxoisophorone,0.49856082,31
230914_ORL_GCaMP6f_F1,ORL,2,oxoisophorone,0.47698903,31
230914_ORL_GCaMP6f_F2,ORL,1,oxoisophorone,0.6106,31
230914_ORL_GCaMP6f_F2,ORL,2,oxoisophorone,0.44440618,31
230915_ORL_GCaMP6f_F1,ORL,1,oxoisophorone,1.0507607,31
230915_ORL_GCaMP6f_F1,ORL,2,oxoisophorone,0.7149309,31
230913_U52_GCaMP6f_F2,U52,1,oxoisophorone,0.12138078,31
230913_U52_GCaMP6f_F2,U52,2,oxoisophorone,0.041387126,31
230913_U52_GCaMP6f_F3,U52,1,oxoisophorone,0.14968222,31
230913_U52_GCaMP6f_F3,U52,2,oxoisophorone,0.13755982,31
230914_U52_GCaMP6f_F1,U52,1,oxoisophorone,0.2276031,31
230914_U52_GCaMP6f_F1,U52,2,oxoisophorone,0.121053755,31
230914_U52_GCaMP6f_F2,U52,1,oxoisophorone,0.2844249,31
230914_U52_GCaMP6f_F2,U52,2,oxoisophorone,0.14516714,31
230915_U52_GCaMP6f_F2,U52,1,oxoisophorone,0.38146427,31
230915_U52_GCaMP6f_F2,U52,2,oxoisophorone,0.23310474,31
230913_FCV_GCaMP6f_F1,FCV,1,oxoisophorone,0.024302604,31
230913_FCV_GCaMP6f_F1,FCV,2,oxoisophorone,0.010825855,31
230914_FCV_GCaMP6f_F1,FCV,1,oxoisophorone,0.6314038,31
230914_FCV_GCaMP6f_F1,FCV,2,oxoisophorone,0.2665062,31
230914_FCV_GCaMP6f_F2,FCV,1,oxoisophorone,0.076046154,31
230914_FCV_GCaMP6f_F2,FCV,2,oxoisophorone,0.12027621,31
230914_FCV_GCaMP6f_F3,FCV,1,oxoisophorone,0.2736145,31
230914_FCV_GCaMP6f_F3,FCV,2,oxoisophorone,0.224447,31
230915_FCV_GCaMP6f_F1,FCV,1,oxoisophorone,0.16180436,31
230915_FCV_GCaMP6f_F1,FCV,2,oxoisophorone,0.13703458,31
230913_ORL_GCaMP6f_F1,ORL,1,2-ethylhexanol,0.07316813,32
230913_ORL_GCaMP6f_F1,ORL,2,2-ethylhexanol,0.03952137,32
230913_ORL_GCaMP6f_F2,ORL,1,2-ethylhexanol,0.11355473,32
230913_ORL_GCaMP6f_F2,ORL,2,2-ethylhexanol,0.22251554,32
230914_ORL_GCaMP6f_F1,ORL,1,2-ethylhexanol,0.20197879,32
230914_ORL_GCaMP6f_F1,ORL,2,2-ethylhexanol,0.17973348,32
230914_ORL_GCaMP6f_F2,ORL,1,2-ethylhexanol,0.30145344,32
230914_ORL_GCaMP6f_F2,ORL,2,2-ethylhexanol,0.23257858,32
230915_ORL_GCaMP6f_F1,ORL,1,2-ethylhexanol,0.181123,32
230915_ORL_GCaMP6f_F1,ORL,2,2-ethylhexanol,0.16213241,32
230913_U52_GCaMP6f_F2,U52,1,2-ethylhexanol,0.060961686,32
230913_U52_GCaMP6f_F2,U52,2,2-ethylhexanol,0.0010278646,32
230913_U52_GCaMP6f_F3,U52,1,2-ethylhexanol,0.060696524,32
230913_U52_GCaMP6f_F3,U52,2,2-ethylhexanol,0.06281352,32
230914_U52_GCaMP6f_F1,U52,1,2-ethylhexanol,0.09013276,32
230914_U52_GCaMP6f_F1,U52,2,2-ethylhexanol,0.041224226,32
230914_U52_GCaMP6f_F2,U52,1,2-ethylhexanol,0.092739046,32
230914_U52_GCaMP6f_F2,U52,2,2-ethylhexanol,0.04412689,32
230915_U52_GCaMP6f_F2,U52,1,2-ethylhexanol,0.12402054,32
230915_U52_GCaMP6f_F2,U52,2,2-ethylhexanol,0.092457816,32
230913_FCV_GCaMP6f_F1,FCV,1,2-ethylhexanol,0.008372597,32
230913_FCV_GCaMP6f_F1,FCV,2,2-ethylhexanol,0.0019921523,32
230914_FCV_GCaMP6f_F1,FCV,1,2-ethylhexanol,0.1848667,32
230914_FCV_GCaMP6f_F1,FCV,2,2-ethylhexanol,0.062144037,32
230914_FCV_GCaMP6f_F2,FCV,1,2-ethylhexanol,0.052759267,32
230914_FCV_GCaMP6f_F2,FCV,2,2-ethylhexanol,0.039704725,32
230914_FCV_GCaMP6f_F3,FCV,1,2-ethylhexanol,0.056692787,32
230914_FCV_GCaMP6f_F3,FCV,2,2-ethylhexanol,0.08180159,32
230915_FCV_GCaMP6f_F1,FCV,1,2-ethylhexanol,0.06954111,32
230915_FCV_GCaMP6f_F1,FCV,2,2-ethylhexanol,0.0504463,32
230913_ORL_GCaMP6f_F1,ORL,1,hexanoic acid,0.041068844,33
230913_ORL_GCaMP6f_F1,ORL,2,hexanoic acid,0.0061676367,33
230913_ORL_GCaMP6f_F2,ORL,1,hexanoic acid,0.03579869,33
230913_ORL_GCaMP6f_F2,ORL,2,hexanoic acid,0.04239797,33
230914_ORL_GCaMP6f_F1,ORL,1,hexanoic acid,0.07603227,33
230914_ORL_GCaMP6f_F1,ORL,2,hexanoic acid,0.073494285,33
230914_ORL_GCaMP6f_F2,ORL,1,hexanoic acid,0.04100675,33
230914_ORL_GCaMP6f_F2,ORL,2,hexanoic acid,0.029108876,33
230915_ORL_GCaMP6f_F1,ORL,1,hexanoic acid,0.027708244,33
230915_ORL_GCaMP6f_F1,ORL,2,hexanoic acid,0.008224869,33
230913_U52_GCaMP6f_F2,U52,1,hexanoic acid,0.007610808,33
230913_U52_GCaMP6f_F2,U52,2,hexanoic acid,0.000672375,33
230913_U52_GCaMP6f_F3,U52,1,hexanoic acid,0.039398387,33
230913_U52_GCaMP6f_F3,U52,2,hexanoic acid,0.02216211,33
230914_U52_GCaMP6f_F1,U52,1,hexanoic acid,0.03348566,33
230914_U52_GCaMP6f_F1,U52,2,hexanoic acid,0.0073767873,33
230914_U52_GCaMP6f_F2,U52,1,hexanoic acid,0.021197358,33
230914_U52_GCaMP6f_F2,U52,2,hexanoic acid,0.015839493,33
230915_U52_GCaMP6f_F2,U52,1,hexanoic acid,0.03642163,33
230915_U52_GCaMP6f_F2,U52,2,hexanoic acid,0.013461201,33
230913_FCV_GCaMP6f_F1,FCV,1,hexanoic acid,0.0018296337,33
230913_FCV_GCaMP6f_F1,FCV,2,hexanoic acid,0.0006434559,33
230914_FCV_GCaMP6f_F1,FCV,1,hexanoic acid,0.045040853,33
230914_FCV_GCaMP6f_F1,FCV,2,hexanoic acid,0.025356416,33
230914_FCV_GCaMP6f_F2,FCV,1,hexanoic acid,0.022549061,33
230914_FCV_GCaMP6f_F2,FCV,2,hexanoic acid,0.04199613,33
230914_FCV_GCaMP6f_F3,FCV,1,hexanoic acid,0.041594315,33
230914_FCV_GCaMP6f_F3,FCV,2,hexanoic acid,0.037046455,33
230915_FCV_GCaMP6f_F1,FCV,1,hexanoic acid,0.023551973,33
230915_FCV_GCaMP6f_F1,FCV,2,hexanoic acid,0.02717408,33
230913_ORL_GCaMP6f_F1,ORL,1,camphor,0.19875304,34
230913_ORL_GCaMP6f_F1,ORL,2,camphor,0.2249947,34
230913_ORL_GCaMP6f_F2,ORL,1,camphor,0.3114652,34
230913_ORL_GCaMP6f_F2,ORL,2,camphor,0.2995908,34
230914_ORL_GCaMP6f_F1,ORL,1,camphor,0.21824904,34
230914_ORL_GCaMP6f_F1,ORL,2,camphor,0.22295342,34
230914_ORL_GCaMP6f_F2,ORL,1,camphor,0.2386232,34
230914_ORL_GCaMP6f_F2,ORL,2,camphor,0.23777887,34
230915_ORL_GCaMP6f_F1,ORL,1,camphor,0.47680855,34
230915_ORL_GCaMP6f_F1,ORL,2,camphor,0.3012808,34
230913_U52_GCaMP6f_F2,U52,1,camphor,0.07576905,34
230913_U52_GCaMP6f_F2,U52,2,camphor,0.01197952,34
230913_U52_GCaMP6f_F3,U52,1,camphor,0.13260363,34
230913_U52_GCaMP6f_F3,U52,2,camphor,0.06687933,34
230914_U52_GCaMP6f_F1,U52,1,camphor,0.1986418,34
230914_U52_GCaMP6f_F1,U52,2,camphor,0.08414886,34
230914_U52_GCaMP6f_F2,U52,1,camphor,0.27412105,34
230914_U52_GCaMP6f_F2,U52,2,camphor,0.071424745,34
230915_U52_GCaMP6f_F2,U52,1,camphor,0.38162684,34
230915_U52_GCaMP6f_F2,U52,2,camphor,0.21398866,34
230913_FCV_GCaMP6f_F1,FCV,1,camphor,0.010603894,34
230913_FCV_GCaMP6f_F1,FCV,2,camphor,0.017665265,34
230914_FCV_GCaMP6f_F1,FCV,1,camphor,0.21482725,34
230914_FCV_GCaMP6f_F1,FCV,2,camphor,0.21656345,34
230914_FCV_GCaMP6f_F2,FCV,1,camphor,0.104084745,34
230914_FCV_GCaMP6f_F2,FCV,2,camphor,0.13081774,34
230914_FCV_GCaMP6f_F3,FCV,1,camphor,0.2994536,34
230914_FCV_GCaMP6f_F3,FCV,2,camphor,0.20769314,34
230915_FCV_GCaMP6f_F1,FCV,1,camphor,0.17314957,34
230915_FCV_GCaMP6f_F1,FCV,2,camphor,0.13729142,34
230913_ORL_GCaMP6f_F1,ORL,1,1-octen-3-ol,0.0014284987,35
230913_ORL_GCaMP6f_F1,ORL,2,1-octen-3-ol,0.018232737,35
230913_ORL_GCaMP6f_F2,ORL,1,1-octen-3-ol,0.023951855,35
230913_ORL_GCaMP6f_F2,ORL,2,1-octen-3-ol,0.012179559,35
230914_ORL_GCaMP6f_F1,ORL,1,1-octen-3-ol,0.07233893,35
230914_ORL_GCaMP6f_F1,ORL,2,1-octen-3-ol,0.06647357,35
230914_ORL_GCaMP6f_F2,ORL,1,1-octen-3-ol,0.01974764,35
230914_ORL_GCaMP6f_F2,ORL,2,1-octen-3-ol,0.0291038,35
230915_ORL_GCaMP6f_F1,ORL,1,1-octen-3-ol,0.013804576,35
230915_ORL_GCaMP6f_F1,ORL,2,1-octen-3-ol,0.002809506,35
230913_U52_GCaMP6f_F2,U52,1,1-octen-3-ol,0.012873417,35
230913_U52_GCaMP6f_F2,U52,2,1-octen-3-ol,0.00012990028,35
230913_U52_GCaMP6f_F3,U52,1,1-octen-3-ol,0.0038604941,35
230913_U52_GCaMP6f_F3,U52,2,1-octen-3-ol,0.01619199,35
230914_U52_GCaMP6f_F1,U52,1,1-octen-3-ol,0.036757093,35
230914_U52_GCaMP6f_F1,U52,2,1-octen-3-ol,0.027012834,35
230914_U52_GCaMP6f_F2,U52,1,1-octen-3-ol,0.043840863,35
230914_U52_GCaMP6f_F2,U52,2,1-octen-3-ol,0.007407254,35
230915_U52_GCaMP6f_F2,U52,1,1-octen-3-ol,0.04782242,35
230915_U52_GCaMP6f_F2,U52,2,1-octen-3-ol,0.01705929,35
230913_FCV_GCaMP6f_F1,FCV,1,1-octen-3-ol,0.00537578,35
230913_FCV_GCaMP6f_F1,FCV,2,1-octen-3-ol,0.004313464,35
230914_FCV_GCaMP6f_F1,FCV,1,1-octen-3-ol,0.007915145,35
230914_FCV_GCaMP6f_F1,FCV,2,1-octen-3-ol,0.0076204254,35
230914_FCV_GCaMP6f_F2,FCV,1,1-octen-3-ol,0.031571567,35
230914_FCV_GCaMP6f_F2,FCV,2,1-octen-3-ol,0.009634666,35
230914_FCV_GCaMP6f_F3,FCV,1,1-octen-3-ol,0.024106901,35
230914_FCV_GCaMP6f_F3,FCV,2,1-octen-3-ol,0.021779913,35
230915_FCV_GCaMP6f_F1,FCV,1,1-octen-3-ol,0.01969383,35
230915_FCV_GCaMP6f_F1,FCV,2,1-octen-3-ol,0.024145553,35
